LocName,LocHREF,Business,raw text,search string,Name,Business_b,Address,WebSite,Lat,Long,ZipCode,State,County
UAMS Health - Physical Therapy and Occupational Therapy Center,https://www.google.com/maps/place/UAMS+Health+-+Physical+Therapy+and+Occupational+Therapy+Center/data=!4m6!3m5!1s0x87d2a4b1aaaaaaab:0xe81e8e3d113da9b6!8m2!3d34.7473395!4d-92.318282!16s%2Fg%2F1vyxjyxq?authuser=0&hl=en&rclk=1,Physical therapy clinic,PULASKI+COUNTY+ARKANSAS,Physical+Thrapy+Clinic,UAMS Health - Physical Therapy and Occupational Therapy Center,Physical therapy clinic,"501 Jack Stephens Drive Jackson T. Stephens Spine and Neuroscience Institute Level B, Little Rock, AR 72205",uamshealth.com,34.746604,-92.318702,72205,AR,"Pulaski, AR"
MCH Physical Therapy,https://www.google.com/maps/place/MCH+Physical+Therapy/data=!4m6!3m5!1s0x87d2a3fd6cd599fd:0x27c5eaacd1a6be7!8m2!3d34.7599151!4d-92.3801111!16s%2Fg%2F1w456483?authuser=0&hl=en&rclk=1,Physical therapy clinic,PULASKI+COUNTY+ARKANSAS,Physical+Thrapy+Clinic,MCH Physical Therapy,Physical therapist,"1 Treasure Hill Rd #2219, Little Rock, AR 72205",mchphysicaltherapy.com,34.76098,-92.376324,72205,AR,"Pulaski, AR"
Physical Therapy Advantage LLC,https://www.google.com/maps/place/Physical+Therapy+Advantage+LLC/data=!4m6!3m5!1s0x87cd5f61629df399:0x9220fab6450d8a06!8m2!3d34.8014426!4d-92.4488647!16s%2Fg%2F1th0bzpn?authuser=0&hl=en&rclk=1,Physical therapy clinic,PULASKI+COUNTY+ARKANSAS,Physical+Thrapy+Clinic,Physical Therapy Advantage LLC,Physical therapy clinic,"6 Seven Acres Dr ste a, Little Rock, AR 72223",ptadvantagear.com,34.8025926,-92.4481446,72223,AR,"Pulaski, AR"
Pinnacle Physical Therapy,https://www.google.com/maps/place/Pinnacle+Physical+Therapy/data=!4m6!3m5!1s0x87d2a07784ae93bb:0x56fb839ef6e92302!8m2!3d34.797294!4d-92.413297!16s%2Fg%2F11gb3mkx_q?authuser=0&hl=en&rclk=1,Physical therapy clinic,PULASKI+COUNTY+ARKANSAS,Physical+Thrapy+Clinic,Pinnacle Physical Therapy,Physical therapy clinic,"12511 Cantrell Rd Suite 100, Little Rock, AR 72223",pinnacledpt.com,34.797705,-92.412872,72223,AR,"Pulaski, AR"
Blue Rose Physical Therapy,https://www.google.com/maps/place/Blue+Rose+Physical+Therapy/data=!4m6!3m5!1s0xabefe1e4d0190995:0x93c8eacb1abc46e0!8m2!3d34.8017438!4d-92.2551351!16s%2Fg%2F11rrm_w38p?authuser=0&hl=en&rclk=1,Physical therapy clinic,PULASKI+COUNTY+ARKANSAS,Physical+Thrapy+Clinic,Blue Rose Physical Therapy,Physical therapy clinic,"5013 John F Kennedy Blvd, North Little Rock, AR 72116",bluerosephysicaltherapy.com,34.8005552,-92.2551476,72116,AR,"Pulaski, AR"
"Galloway Therapy, PLLC","https://www.google.com/maps/place/Galloway+Therapy,+PLLC/data=!4m6!3m5!1s0x87d2be867a9fc7e3:0xf7db9296f37abbff!8m2!3d34.7931168!4d-92.212287!16s%2Fg%2F12641rf3x?authuser=0&hl=en&rclk=1",Physical therapy clinic,PULASKI+COUNTY+ARKANSAS,Physical+Thrapy+Clinic,"Galloway Therapy, PLLC",Physical therapy clinic,"4624 E 43rd St, North Little Rock, AR 72117",gallowaytherapy.com,34.7934443,-92.2128483,72117,AR,"Pulaski, AR"
UAMS Health - Physical Medicine and Rehabilitation Clinic,https://www.google.com/maps/place/UAMS+Health+-+Physical+Medicine+and+Rehabilitation+Clinic/data=!4m6!3m5!1s0x87d2a4a3dea231d7:0xc7f77dcdc8985261!8m2!3d34.7473395!4d-92.318282!16s%2Fg%2F1262k2f1d?authuser=0&hl=en&rclk=1,Physical therapy clinic,PULASKI+COUNTY+ARKANSAS,Physical+Thrapy+Clinic,UAMS Health - Physical Medicine and Rehabilitation Clinic,Physical therapy clinic,"T. Stephens Spine and Neuroscience Institute Second Floor, 501 Jack Stephens Drive Jackson, Little Rock, AR 72205",uamshealth.com,34.755572,-92.329364,72205,AR,"Pulaski, AR"
Physical Therapy Institute,https://www.google.com/maps/place/Physical+Therapy+Institute/data=!4m6!3m5!1s0x87d2a143add56b81:0x7caf144c0ade54db!8m2!3d34.7713732!4d-92.4064868!16s%2Fg%2F1hc48b973?authuser=0&hl=en&rclk=1,Physical therapy clinic,PULASKI+COUNTY+ARKANSAS,Physical+Thrapy+Clinic,Physical Therapy Institute,Physical therapy clinic,"1909 Hinson Loop Rd Ste 100, Little Rock, AR 72212",ptipt.com,34.769051,-92.405743,72212,AR,"Pulaski, AR"
Pulaski Injury & Rehab Center,https://www.google.com/maps/place/Pulaski+Injury+%26+Rehab+Center/data=!4m6!3m5!1s0x87d2a1525a679c97:0xa3fa23fc3b3f5f5c!8m2!3d34.7544895!4d-92.3893461!16s%2Fg%2F1wcxdmtt?authuser=0&hl=en&rclk=1,Physical therapy clinic,PULASKI+COUNTY+ARKANSAS,Physical+Thrapy+Clinic,Pulaski Injury & Rehab Center,Physical therapy clinic,"10500 W Markham St, Little Rock, AR 72205",,34.7542555,-92.3898166,72205,AR,"Pulaski, AR"
Baptist Health Therapy Center-North Little Rock,https://www.google.com/maps/place/Baptist+Health+Therapy+Center-North+Little+Rock/data=!4m6!3m5!1s0x87d2bf7f94665a1d:0x709f77e8d7a016d2!8m2!3d34.7960183!4d-92.2346599!16s%2Fg%2F11fr4g1r4v?authuser=0&hl=en&rclk=1,Physical therapy clinic,PULASKI+COUNTY+ARKANSAS,Physical+Thrapy+Clinic,Baptist Health Therapy Center-North Little Rock,Physical therapy clinic,"2601 McCain Blvd Suite A, North Little Rock, AR 72217",baptist-health.com,34.796137,-92.235534,72217,AR,"Pulaski, AR"
Walker Therapy Clinic,https://www.google.com/maps/place/Walker+Therapy+Clinic/data=!4m6!3m5!1s0x87d2bc2a599e65db:0xaeecac5d74c7c9ae!8m2!3d34.795368!4d-92.2253962!16s%2Fg%2F1260f5kpm?authuser=0&hl=en&rclk=1,Physical therapy clinic,PULASKI+COUNTY+ARKANSAS,Physical+Thrapy+Clinic,Walker Therapy Clinic,Physical therapy clinic,"3807 McCain Park Dr, Little Rock, AR 72206",,34.7949147,-92.223912,72206,AR,"Pulaski, AR"
Touchstone Physical Therapy,https://www.google.com/maps/place/Touchstone+Physical+Therapy/data=!4m6!3m5!1s0x87d2a15b74e55d37:0x34b3e1e50646c5da!8m2!3d34.7703817!4d-92.3927462!16s%2Fg%2F1tfwqhp7?authuser=0&hl=en&rclk=1,Physical therapy clinic,PULASKI+COUNTY+ARKANSAS,Physical+Thrapy+Clinic,Touchstone Physical Therapy,Physical therapist,"10720 N Rodney Parham Rd a1, Little Rock, AR 72212",touchstonept.com,34.769071,-92.391049,72212,AR,"Pulaski, AR"
Physical Therapy Institute,https://www.google.com/maps/place/Physical+Therapy+Institute/data=!4m6!3m5!1s0x87d29f6a7186c455:0x5114087c2457a9bc!8m2!3d34.8571051!4d-92.4016311!16s%2Fg%2F1hc45rlv5?authuser=0&hl=en&rclk=1,Physical therapy clinic,PULASKI+COUNTY+ARKANSAS,Physical+Thrapy+Clinic,Physical Therapy Institute,Physical therapy clinic,"100 Commerce Dr, Maumelle, AR 72113",ptipt.com,34.857409,-92.401973,72113,AR,"Pulaski, AR"
Back & Neck Plus Physical Therapy Center,https://www.google.com/maps/place/Back+%26+Neck+Plus+Physical+Therapy+Center/data=!4m6!3m5!1s0x87d2a14130132d21:0x643843ddfb6fc77c!8m2!3d34.7706196!4d-92.3974786!16s%2Fg%2F1q6j43fpk?authuser=0&hl=en&rclk=1,Physical therapy clinic,PULASKI+COUNTY+ARKANSAS,Physical+Thrapy+Clinic,Back & Neck Plus Physical Therapy Center,Physical therapy clinic,"11121 N Rodney Parham Rd #2A, Little Rock, AR 72212",backneckplus.com,34.771433,-92.396936,72212,AR,"Pulaski, AR"
Associates Physical Therapy,https://www.google.com/maps/place/Associates+Physical+Therapy/data=!4m6!3m5!1s0x87d2a6ceaecaf7ad:0xe8cc152422ce9f07!8m2!3d34.7391195!4d-92.3898089!16s%2Fg%2F1td1qdwb?authuser=0&hl=en&rclk=1,Physical therapy clinic,PULASKI+COUNTY+ARKANSAS,Physical+Thrapy+Clinic,Associates Physical Therapy,Physical therapist,"1601 Aldersgate Rd, Little Rock, AR 72205",associatesphysicaltherapy.com,34.739094,-92.389972,72205,AR,"Pulaski, AR"
Advanced Physical Therapy of North Little Rock,https://www.google.com/maps/place/Advanced+Physical+Therapy+of+North+Little+Rock/data=!4m6!3m5!1s0x87d2bc539cc0f62d:0x11a260923dd3eca7!8m2!3d34.796199!4d-92.236745!16s%2Fg%2F11_rfkzcp?authuser=0&hl=en&rclk=1,Physical therapy clinic,PULASKI+COUNTY+ARKANSAS,Physical+Thrapy+Clinic,Advanced Physical Therapy of North Little Rock,Physical therapy clinic,"2504 McCain Blvd #230, North Little Rock, AR 72116",aptlr.com,34.7970638,-92.237841,72116,AR,"Pulaski, AR"
Hunt Physical Therapy,https://www.google.com/maps/place/Hunt+Physical+Therapy/data=!4m6!3m5!1s0x87d2bcf20844b1a9:0xc8ea58b7bab5eb1f!8m2!3d34.7798757!4d-92.2729639!16s%2Fg%2F1td2vfh_?authuser=0&hl=en&rclk=1,Physical therapy clinic,PULASKI+COUNTY+ARKANSAS,Physical+Thrapy+Clinic,Hunt Physical Therapy,Physical therapy clinic,"505 Pershing Blvd # D, North Little Rock, AR 72114",huntphysicaltherapy.com,34.779392,-92.272234,72114,AR,"Pulaski, AR"
Ortho Rehab & Specialty Centers,https://www.google.com/maps/place/Ortho+Rehab+%26+Specialty+Centers/data=!4m6!3m5!1s0x87d2a12bce9991f1:0x940706af899dee8e!8m2!3d34.7554087!4d-92.4188375!16s%2Fg%2F1tdqh_vj?authuser=0&hl=en&rclk=1,Physical therapy clinic,PULASKI+COUNTY+ARKANSAS,Physical+Thrapy+Clinic,Ortho Rehab & Specialty Centers,Physical therapy clinic,"13100 Chenal Pkwy, Little Rock, AR 72211",pt-orthorehab.com,34.75445,-92.4153775,72211,AR,"Pulaski, AR"
Baptist Health Therapy Center-Maumelle,https://www.google.com/maps/place/Baptist+Health+Therapy+Center-Maumelle/data=!4m6!3m5!1s0x87d29f694445d39d:0x1cf642ef9f947cb3!8m2!3d34.854515!4d-92.4051361!16s%2Fg%2F1ttphf7c?authuser=0&hl=en&rclk=1,Physical therapy clinic,PULASKI+COUNTY+ARKANSAS,Physical+Thrapy+Clinic,Baptist Health Therapy Center-Maumelle,Physical therapy clinic,"1701 Club Manor Dr Suite 3, Maumelle, AR 72113",baptist-health.com,34.85478,-92.404685,72113,AR,"Pulaski, AR"
Rehab 4 Life,https://www.google.com/maps/place/Rehab+4+Life/data=!4m6!3m5!1s0x87d2bdfad62a8e9f:0xcbf2939cf6f671b0!8m2!3d34.8314131!4d-92.2310465!16s%2Fg%2F1tfdzd3j?authuser=0&hl=en&rclk=1,Physical therapy clinic,PULASKI+COUNTY+ARKANSAS,Physical+Thrapy+Clinic,Rehab 4 Life,Physical therapy clinic,"Sherwood, AR 72120",,34.8150907,-92.2243153,72120,AR,"Pulaski, AR"
UAMS Health - Running Injury Clinic,https://www.google.com/maps/place/UAMS+Health+-+Running+Injury+Clinic/data=!4m6!3m5!1s0x87d2a717b6fce431:0xb0c3f5d1d124747f!8m2!3d34.711953!4d-92.397748!16s%2Fg%2F11nrsw5rf4?authuser=0&hl=en&rclk=1,Physical therapy clinic,PULASKI+COUNTY+ARKANSAS,Physical+Thrapy+Clinic,UAMS Health - Running Injury Clinic,Physical therapy clinic,"10815 Colonel Glenn Rd Suite 500, Little Rock, AR 72204",uamshealth.com,34.7125407,-92.3969073,72204,AR,"Pulaski, AR"
"Bradley A. Vaughn, PTA","https://www.google.com/maps/place/Bradley+A.+Vaughn,+PTA/data=!4m6!3m5!1s0x87d2a34db2c6f001:0x395c0e51abb0abdb!8m2!3d34.7663872!4d-92.3066812!16s%2Fg%2F1tfstdrb?authuser=0&hl=en&rclk=1",Physical therapy clinic,PULASKI+COUNTY+ARKANSAS,Physical+Thrapy+Clinic,"Bradley A. Vaughn, PTA",Physical therapist,"1600 Riverfront Dr, Little Rock, AR 72202",,34.754804,-92.275817,72202,AR,"Pulaski, AR"
Arkansas Pelvic Health,https://www.google.com/maps/place/Arkansas+Pelvic+Health/data=!4m6!3m5!1s0x87d2bb3accf130a7:0x8bb8fe5689f97ffa!8m2!3d34.7426351!4d-92.3957074!16s%2Fg%2F11j64hvzr1?authuser=0&hl=en&rclk=1,Physical therapy clinic,PULASKI+COUNTY+ARKANSAS,Physical+Thrapy+Clinic,Arkansas Pelvic Health,Physical therapy clinic,"10825 Kanis Rd suite 300, Little Rock, AR 72211",arkansaspelvichealth.com,34.7431618,-92.3946114,72211,AR,"Pulaski, AR"
Innovative Spine Rehab PV,https://www.google.com/maps/place/Innovative+Spine+Rehab+PV/data=!4m6!3m5!1s0x87d2a1fe4b0e727d:0xb6d60d0f79563189!8m2!3d34.7908408!4d-92.3987324!16s%2Fg%2F11q4dfkj7n?authuser=0&hl=en&rclk=1,Physical therapy clinic,PULASKI+COUNTY+ARKANSAS,Physical+Thrapy+Clinic,Innovative Spine Rehab PV,Physical therapy clinic,"4200 N Rodney Parham Rd Ste 102, Little Rock, AR 72212",innovativespinerehab.com,34.7903236,-92.397798,72212,AR,"Pulaski, AR"
Baptist Health Therapy Center-Heights,https://www.google.com/maps/place/Baptist+Health+Therapy+Center-Heights/data=!4m6!3m5!1s0x87d2a373f1595523:0x3d7854fe0db90268!8m2!3d34.769561!4d-92.3365986!16s%2Fg%2F1tfnz3g4?authuser=0&hl=en&rclk=1,Physical therapy clinic,PULASKI+COUNTY+ARKANSAS,Physical+Thrapy+Clinic,Baptist Health Therapy Center-Heights,Physical therapy clinic,"5618 R St, Little Rock, AR 72207",baptist-health.com,34.769315,-92.3366782,72207,AR,"Pulaski, AR"
Faulkner Nuring Rehab Center,https://www.google.com/maps/place/Faulkner+Nuring+Rehab+Center/data=!4m6!3m5!1s0x87d2a11627d21e87:0x3743a15f4b764958!8m2!3d34.7719949!4d-92.4083409!16s%2Fg%2F1thxr544?authuser=0&hl=en&rclk=1,Physical therapy clinic,PULASKI+COUNTY+ARKANSAS,Physical+Thrapy+Clinic,Faulkner Nuring Rehab Center,Physical therapy clinic,"12115 Hinson Rd, Little Rock, AR 72212",,34.772538,-92.4075986,72212,AR,"Pulaski, AR"
UAMS Health - Hand Therapy Clinic,https://www.google.com/maps/place/UAMS+Health+-+Hand+Therapy+Clinic/data=!4m6!3m5!1s0x87d2a50321ca5c1b:0x7104a5511957156d!8m2!3d34.7479291!4d-92.3193502!16s%2Fg%2F11nrsxjdmv?authuser=0&hl=en&rclk=1,Physical therapy clinic,PULASKI+COUNTY+ARKANSAS,Physical+Thrapy+Clinic,UAMS Health - Hand Therapy Clinic,Physical therapy clinic,"4110 Outpatient Circle Outpatient Center First Floor Suite 1431, Little Rock, AR 72205",uamshealth.com,34.747902,-92.31876,72205,AR,"Pulaski, AR"
CHI St. Vincent Rehabilitation and Physical Therapy - Little Rock,https://www.google.com/maps/place/CHI+St.+Vincent+Rehabilitation+and+Physical+Therapy+-+Little+Rock/data=!4m6!3m5!1s0x87d2a481cadbb5b1:0x863aa964484f2e29!8m2!3d34.749804!4d-92.3395969!16s%2Fg%2F11crzfl7p9?authuser=0&hl=en&rclk=1,Physical therapy clinic,PULASKI+COUNTY+ARKANSAS,Physical+Thrapy+Clinic,CHI St. Vincent Rehabilitation and Physical Therapy - Little Rock,Rehabilitation center,"2 St Vincent Cir P, Little Rock, AR 72205",chistvincent.com,34.74864,-92.341695,72205,AR,"Pulaski, AR"
Mid South Rehab Services Inc,https://www.google.com/maps/place/Mid+South+Rehab+Services+Inc/data=!4m6!3m5!1s0x87d2a12f7c03bf41:0x6725bda377b8c6be!8m2!3d34.7609661!4d-92.4126137!16s%2Fg%2F1tf7bmrg?authuser=0&hl=en&rclk=1,Physical therapy clinic,PULASKI+COUNTY+ARKANSAS,Physical+Thrapy+Clinic,Mid South Rehab Services Inc,Physical therapy clinic,"800 Napa Valley Dr, Little Rock, AR 72211",,34.7606155,-92.4116266,72211,AR,"Pulaski, AR"
"Stephanie D. Brown, PT","https://www.google.com/maps/place/Stephanie+D.+Brown,+PT/data=!4m6!3m5!1s0x87d2a48523a41c19:0x8fe40afd8e7aa11d!8m2!3d34.7430631!4d-92.3331408!16s%2Fg%2F1hc7fh942?authuser=0&hl=en&rclk=1",Physical therapy clinic,PULASKI+COUNTY+ARKANSAS,Physical+Thrapy+Clinic,"Stephanie D. Brown, PT",Physical therapist,"5312 W 10th St, Little Rock, AR 72204",,34.7430011,-92.3323868,72204,AR,"Pulaski, AR"
"Jessica R. Leach, DPT","https://www.google.com/maps/place/Jessica+R.+Leach,+DPT/data=!4m6!3m5!1s0x87d2a6ae5615a377:0xffa1172a3164b21f!8m2!3d34.7420216!4d-92.3893075!16s%2Fg%2F1hc30ns43?authuser=0&hl=en&rclk=1",Physical therapy clinic,PULASKI+COUNTY+ARKANSAS,Physical+Thrapy+Clinic,"Jessica R. Leach, DPT",Physical therapist,"10301 Kanis Rd, Little Rock, AR 72205",,34.742823,-92.3888281,72205,AR,"Pulaski, AR"
"Julie D. Love, PT","https://www.google.com/maps/place/Julie+D.+Love,+PT/data=!4m6!3m5!1s0x87d2a1a72880f805:0x9cfd2f071bae0646!8m2!3d34.7987095!4d-92.4115663!16s%2Fg%2F1thsrxx4?authuser=0&hl=en&rclk=1",Physical therapy clinic,PULASKI+COUNTY+ARKANSAS,Physical+Thrapy+Clinic,"Julie D. Love, PT",Physical therapist,"12410 Cantrell Rd, Little Rock, AR 72223",,34.7977271,-92.4109322,72223,AR,"Pulaski, AR"
OrthoSurgeons Physical Therapy and Rehabilitation,https://www.google.com/maps/place/OrthoSurgeons+Physical+Therapy+and+Rehabilitation/data=!4m6!3m5!1s0x87d2a481bfd8a8a9:0x31cd5b7dac134a46!8m2!3d34.7514445!4d-92.3370706!16s%2Fg%2F1tg6l291?authuser=0&hl=en&rclk=1,Physical therapy clinic,PULASKI+COUNTY+ARKANSAS,Physical+Thrapy+Clinic,OrthoSurgeons Physical Therapy and Rehabilitation,Physical therapist,"5 St Vincent Cir, Little Rock, AR 72205",orthosurgeons.com,34.750669,-92.337558,72205,AR,"Pulaski, AR"
"UAMS Health - Nicholas Hargett, PT","https://www.google.com/maps/place/UAMS+Health+-+Nicholas+Hargett,+PT/data=!4m6!3m5!1s0x87d2a7d1751b347d:0xfe6904ff4eb7577!8m2!3d34.749267!4d-92.403171!16s%2Fg%2F11rd9l0gww?authuser=0&hl=en&rclk=1",Physical therapy clinic,PULASKI+COUNTY+ARKANSAS,Physical+Thrapy+Clinic,"UAMS Health - Nicholas Hargett, PT",Physical therapist,"Orthopaedic Clinic on, 600 Autumn Rd, Little Rock, AR 72211",uamshealth.com,34.749173,-92.402654,72211,AR,"Pulaski, AR"
"Kenny A. De Luca, PT","https://www.google.com/maps/place/Kenny+A.+De+Luca,+PT/data=!4m6!3m5!1s0x87d2a216e6b18447:0x973579d28bc6c11c!8m2!3d34.8212829!4d-92.3686424!16s%2Fg%2F1tdz0hc0?authuser=0&hl=en&rclk=1",Physical therapy clinic,PULASKI+COUNTY+ARKANSAS,Physical+Thrapy+Clinic,"Kenny A. De Luca, PT",Physical therapist,"9843 Maumelle Blvd, North Little Rock, AR 72113",,34.8230158,-92.3715655,72113,AR,"Pulaski, AR"
Baptist Health Rehabilitation Institute-Outpatient Clinic,https://www.google.com/maps/place/Baptist+Health+Rehabilitation+Institute-Outpatient+Clinic/data=!4m6!3m5!1s0x87d2a402732d41af:0xc0b4aac6f1db9c1e!8m2!3d34.7449684!4d-92.3796084!16s%2Fg%2F1tf4fkvj?authuser=0&hl=en&rclk=1,Physical therapy clinic,PULASKI+COUNTY+ARKANSAS,Physical+Thrapy+Clinic,Baptist Health Rehabilitation Institute-Outpatient Clinic,Rehabilitation center,"9501 Baptist Health Dr 1st floor, Little Rock, AR 72205",baptist-health.com,34.745,-92.3794444,72205,AR,"Pulaski, AR"
Little Rock Pain & Rehab,https://www.google.com/maps/place/Little+Rock+Pain+%26+Rehab/data=!4m6!3m5!1s0x87d2a3f6566b916f:0xdf655ccfd220e02a!8m2!3d34.753799!4d-92.368653!16s%2Fg%2F1vpq7f34?authuser=0&hl=en&rclk=1,Physical therapy clinic,PULASKI+COUNTY+ARKANSAS,Physical+Thrapy+Clinic,Little Rock Pain & Rehab,Physical therapist,"8500 W Markham St, Little Rock, AR 72205",,34.753235,-92.367816,72205,AR,"Pulaski, AR"
"UAMS Health - Darrell S. Gray Jr., PT","https://www.google.com/maps/place/UAMS+Health+-+Darrell+S.+Gray+Jr.,+PT/data=!4m6!3m5!1s0x87d2a5a1fc48a873:0xbff1e394e334e569!8m2!3d34.7473395!4d-92.318282!16s%2Fg%2F11rvywfp0k?authuser=0&hl=en&rclk=1",Physical therapy clinic,PULASKI+COUNTY+ARKANSAS,Physical+Thrapy+Clinic,"UAMS Health - Darrell S. Gray Jr., PT",Physical therapist,"T. Stephens Spine and Neuroscience Institute Physical Medicine and Rehabilitation Clinic, 501 Jack Stephens Drive Jackson, Little Rock, AR 72205",uamshealth.com,34.755572,-92.329364,72205,AR,"Pulaski, AR"
Reliant Rehab,https://www.google.com/maps/place/Reliant+Rehab/data=!4m6!3m5!1s0x87d2bb72f61af0b7:0xe7b3ea6385276864!8m2!3d34.7336956!4d-92.2712565!16s%2Fg%2F1261ckk88?authuser=0&hl=en&rclk=1,Physical therapy clinic,PULASKI+COUNTY+ARKANSAS,Physical+Thrapy+Clinic,Reliant Rehab,Physical therapy clinic,"1516 Cumberland St, Little Rock, AR 72202",,34.733813,-92.2707815,72202,AR,"Pulaski, AR"
Arkansas Governors Development,https://www.google.com/maps/place/Arkansas+Governors+Development/data=!4m6!3m5!1s0x87d2a48678bae1f3:0xb15a163431b0a070!8m2!3d34.7440532!4d-92.3389462!16s%2Fg%2F1v5k3k5q?authuser=0&hl=en&rclk=1,Physical therapy clinic,PULASKI+COUNTY+ARKANSAS,Physical+Thrapy+Clinic,Arkansas Governors Development,Physical therapy clinic,"5800 W 10th St #805, Little Rock, AR 72204",,34.743162,-92.337962,72204,AR,"Pulaski, AR"
"Blandine Williams, LPTA","https://www.google.com/maps/place/Blandine+Williams,+LPTA/data=!4m6!3m5!1s0x87d2a6e9d4f7bf1f:0x86b2c2fc292225da!8m2!3d34.7278374!4d-92.4082726!16s%2Fg%2F1hc16c6tr?authuser=0&hl=en&rclk=1",Physical therapy clinic,PULASKI+COUNTY+ARKANSAS,Physical+Thrapy+Clinic,"Blandine Williams, LPTA",Physical therapist,"3115 S Bowman Rd, Little Rock, AR 72211",,34.7275402,-92.4088178,72211,AR,"Pulaski, AR"
Therapy Providers,https://www.google.com/maps/place/Therapy+Providers/data=!4m6!3m5!1s0x87d2a47b3ebcc497:0xb196d399f0fe4e26!8m2!3d34.741605!4d-92.3484714!16s%2Fg%2F1tftfvq5?authuser=0&hl=en&rclk=1,Physical therapy clinic,PULASKI+COUNTY+ARKANSAS,Physical+Thrapy+Clinic,Therapy Providers,Physical therapy clinic,"6705 W 12th St #3, Little Rock, AR 72204",,34.7416237,-92.3507071,72204,AR,"Pulaski, AR"
Maumelle Physical Therapy,https://www.google.com/maps/place/Maumelle+Physical+Therapy/data=!4m6!3m5!1s0x87d2a216e6b1837d:0x42142fe51af27205!8m2!3d34.8231911!4d-92.3711419!16s%2Fg%2F1tmpl0xr?authuser=0&hl=en&rclk=1,Physical therapy clinic,PULASKI+COUNTY+ARKANSAS,Physical+Thrapy+Clinic,Maumelle Physical Therapy,Physical therapist,"9843 Maumelle Blvd #7027, North Little Rock, AR 72113",maumellephysicaltherapy.com,34.8230158,-92.3715655,72113,AR,"Pulaski, AR"
"Noble B. Mcbride, PT","https://www.google.com/maps/place/Noble+B.+Mcbride,+PT/data=!4m6!3m5!1s0x87d2a4a23b66a335:0x13bcf44546018972!8m2!3d34.7456045!4d-92.3205927!16s%2Fg%2F1v26mn5f?authuser=0&hl=en&rclk=1",Physical therapy clinic,PULASKI+COUNTY+ARKANSAS,Physical+Thrapy+Clinic,"Noble B. Mcbride, PT",Physical therapist,"4300 W 7th St, Little Rock, AR 72205",,34.744962,-92.3210623,72205,AR,"Pulaski, AR"
Pain Free Performance,https://www.google.com/maps/place/Pain+Free+Performance/data=!4m6!3m5!1s0x87d283b97166cc05:0x35f339b478a40603!8m2!3d34.840902!4d-92.3781997!16s%2Fg%2F11h_4kjx7d?authuser=0&hl=en&rclk=1,Physical therapy clinic,PULASKI+COUNTY+ARKANSAS,Physical+Thrapy+Clinic,Pain Free Performance,Physical therapist,"9000 Commerce Cove, Maumelle, AR 72113",pfppt.com,34.8440954,-92.3789538,72113,AR,"Pulaski, AR"
UAMS Health - Back and Neck Clinic,https://www.google.com/maps/place/UAMS+Health+-+Back+and+Neck+Clinic/data=!4m6!3m5!1s0x87d2a74c496e311f:0xc6e5df47ed09bb05!8m2!3d34.711953!4d-92.397748!16s%2Fg%2F11qy9_bpr9?authuser=0&hl=en&rclk=1,Physical therapy clinic,PULASKI+COUNTY+ARKANSAS,Physical+Thrapy+Clinic,UAMS Health - Back and Neck Clinic,Physical therapy clinic,"10815 Colonel Glenn Rd Suite 500, Little Rock, AR 72204",uamshealth.com,34.7125407,-92.3969073,72204,AR,"Pulaski, AR"
Orthopedic Rehabilitation,https://www.google.com/maps/place/Orthopedic+Rehabilitation/data=!4m6!3m5!1s0x87d2bdc2dcef014b:0x1c325771d9414d67!8m2!3d34.8071401!4d-92.2511987!16s%2Fg%2F1tg35rnc?authuser=0&hl=en&rclk=1,Physical therapy clinic,PULASKI+COUNTY+ARKANSAS,Physical+Thrapy+Clinic,Orthopedic Rehabilitation,Physical therapist,"5601 John F Kennedy Blvd, North Little Rock, AR 72116",,34.806704,-92.250985,72116,AR,"Pulaski, AR"
Integrative Rehabilitation Services,https://www.google.com/maps/place/Integrative+Rehabilitation+Services/data=!4m6!3m5!1s0x87d2a6d331404733:0x56d5f6d62352ad87!8m2!3d34.749821!4d-92.414315!16s%2Fg%2F1tf3c1zz?authuser=0&hl=en&rclk=1,Physical therapy clinic,PULASKI+COUNTY+ARKANSAS,Physical+Thrapy+Clinic,Integrative Rehabilitation Services,Physical therapy clinic,"12621 Valleywood Dr, Little Rock, AR 72211",,34.749643,-92.41389,72211,AR,"Pulaski, AR"
Therapy Zone,https://www.google.com/maps/place/Therapy+Zone/data=!4m6!3m5!1s0x87d2a1dfd1054d79:0x241daba13a114773!8m2!3d34.771228!4d-92.305694!16s%2Fg%2F11cs4hgb_l?authuser=0&hl=en&rclk=1,Physical therapy clinic,PULASKI+COUNTY+ARKANSAS,Physical+Thrapy+Clinic,Therapy Zone,Physical therapist,"101 Morgan Keegan Dr B, Little Rock, AR 72202",therapyzoneinc.com,34.771067,-92.307792,72202,AR,"Pulaski, AR"
"Troy W. Alberson, MSPT","https://www.google.com/maps/place/Troy+W.+Alberson,+MSPT/data=!4m6!3m5!1s0x87d2bc56f61dabc7:0xa1cd0435d1deb206!8m2!3d34.7904032!4d-92.2615523!16s%2Fg%2F1tk8p3n3?authuser=0&hl=en&rclk=1",Physical therapy clinic,PULASKI+COUNTY+ARKANSAS,Physical+Thrapy+Clinic,"Troy W. Alberson, MSPT",Physical therapist,"119 W H Ave, North Little Rock, AR 72116",,34.7901287,-92.2607623,72116,AR,"Pulaski, AR"
Physical Therapy Institute,https://www.google.com/maps/place/Physical+Therapy+Institute/data=!4m6!3m5!1s0x87d2a32c6b8b9fb7:0x3a53493e93c80b55!8m2!3d34.7699245!4d-92.3328133!16s%2Fg%2F11qqr4l3bw?authuser=0&hl=en&rclk=1,Physical therapy clinic,PULASKI+COUNTY+ARKANSAS,Physical+Thrapy+Clinic,Physical Therapy Institute,Physical therapist,"5307 Kavanaugh Blvd, Little Rock, AR 72207",ptipt.com,34.7701718,-92.3331076,72207,AR,"Pulaski, AR"
Athletes In Pain Sports Therapy Clinic,https://www.google.com/maps/place/Athletes+In+Pain+Sports+Therapy+Clinic/data=!4m6!3m5!1s0x87d2a7cf9fd1f2d1:0x477d1fb99cbc6de8!8m2!3d34.744164!4d-92.406746!16s%2Fg%2F11fl47d14b?authuser=0&hl=en&rclk=1,Physical therapy clinic,PULASKI+COUNTY+ARKANSAS,Physical+Thrapy+Clinic,Athletes In Pain Sports Therapy Clinic,Physical fitness program,"1121 S Bowman Rd c3, Little Rock, AR 72211",athletesinpain.com,34.743052,-92.407269,72211,AR,"Pulaski, AR"
"UAMS Health - Collin E. Brown, PT","https://www.google.com/maps/place/UAMS+Health+-+Collin+E.+Brown,+PT/data=!4m6!3m5!1s0x87d2a72c363d4277:0x8d8ef4f1c964e3b3!8m2!3d34.711953!4d-92.397748!16s%2Fg%2F11r_vtf8gf?authuser=0&hl=en&rclk=1",Physical therapy clinic,PULASKI+COUNTY+ARKANSAS,Physical+Thrapy+Clinic,"UAMS Health - Collin E. Brown, PT",Physical therapist,"Orthopaedic Clinic, 10815 Colonel Glenn Rd, Little Rock, AR 72204",uamshealth.com,34.717682,-92.342855,72204,AR,"Pulaski, AR"
Ageless Health & Fitness,https://www.google.com/maps/place/Ageless+Health+%26+Fitness/data=!4m6!3m5!1s0x87d2a1a8f1d2588f:0xe0b08bb3d6145cf2!8m2!3d34.7716533!4d-92.3917762!16s%2Fg%2F1tf6h556?authuser=0&hl=en&rclk=1,Physical therapy clinic,PULASKI+COUNTY+ARKANSAS,Physical+Thrapy+Clinic,Ageless Health & Fitness,Physical therapy clinic,"10700 N Rodney Parham Rd Suite C-4, Little Rock, AR 72212",agelesshealthandfitness.com,34.770142,-92.392628,72212,AR,"Pulaski, AR"
"Michelle R. Cranford, MPT","https://www.google.com/maps/place/Michelle+R.+Cranford,+MPT/data=!4m6!3m5!1s0x87d2a1a728811a19:0xf0b11d828ba31811!8m2!3d34.7987095!4d-92.4115663!16s%2Fg%2F1hc2hw1h1?authuser=0&hl=en&rclk=1",Physical therapy clinic,PULASKI+COUNTY+ARKANSAS,Physical+Thrapy+Clinic,"Michelle R. Cranford, MPT",Physical therapist,"12410 Cantrell Rd, Little Rock, AR 72223",,34.7977271,-92.4109322,72223,AR,"Pulaski, AR"
Mid South Rehab Services Inc,https://www.google.com/maps/place/Mid+South+Rehab+Services+Inc/data=!4m6!3m5!1s0x87d2a12f7c03bf41:0xe2bdff0ceb0d8d51!8m2!3d34.7446913!4d-92.4159308!16s%2Fg%2F1tkl3vs6?authuser=0&hl=en&rclk=1,Physical therapy clinic,PULASKI+COUNTY+ARKANSAS,Physical+Thrapy+Clinic,Mid South Rehab Services Inc,Physical therapy clinic,"Little Rock, AR 72211",,34.7465071,-92.2896267,72211,AR,"Pulaski, AR"
Ortho Rehab & Specialty Centers,https://www.google.com/maps/place/Ortho+Rehab+%26+Specialty+Centers/data=!4m6!3m5!1s0x87d2a12bce9991f1:0x940706af899dee8e!8m2!3d34.7554087!4d-92.4188375!16s%2Fg%2F1tdqh_vj?authuser=0&hl=en&rclk=1,Physical therapy clinic,PULASKI+COUNTY+ARKANSAS,Physical+Thrapy+Clinic,Ortho Rehab & Specialty Centers,Physical therapy clinic,"13100 Chenal Pkwy, Little Rock, AR 72211",pt-orthorehab.com,34.75445,-92.4153775,72211,AR,"Pulaski, AR"
UAMS Health - Ottenheimer Therapy and Fitness Center,https://www.google.com/maps/place/UAMS+Health+-+Ottenheimer+Therapy+and+Fitness+Center/data=!4m6!3m5!1s0x87d2a55d683ed405:0x1f67539e288e524a!8m2!3d34.7461541!4d-92.3180797!16s%2Fg%2F11nrsyptwm?authuser=0&hl=en&rclk=1,Physical therapy clinic,PULASKI+COUNTY+ARKANSAS,Physical+Thrapy+Clinic,UAMS Health - Ottenheimer Therapy and Fitness Center,Physical therapy clinic,"629 Jack Stephens Dr, Little Rock, AR 72205",uamshealth.com,34.746254,-92.318639,72205,AR,"Pulaski, AR"
Allied Therapy & Consulting Services,https://www.google.com/maps/place/Allied+Therapy+%26+Consulting+Services/data=!4m6!3m5!1s0x87d2bdb0f878fa29:0x99a420ed7e7fb1fb!8m2!3d34.806318!4d-92.2506616!16s%2Fg%2F1262_30hw?authuser=0&hl=en&rclk=1,Physical therapy clinic,PULASKI+COUNTY+ARKANSAS,Physical+Thrapy+Clinic,Allied Therapy & Consulting Services,Speech pathologist,"5532 John F Kennedy Blvd, North Little Rock, AR 72116",allied-therapy.com,34.806581,-92.250852,72116,AR,"Pulaski, AR"
"UAMS - Deborah L. ""Debbie"" Davis, PT","https://www.google.com/maps/place/UAMS+-+Deborah+L.+%22Debbie%22+Davis,+PT/data=!4m6!3m5!1s0x87d2a79933fb5ecd:0x4c60e22dbc24b3e2!8m2!3d34.7118261!4d-92.3974857!16s%2Fg%2F11n73634mt?authuser=0&hl=en&rclk=1",Physical therapy clinic,PULASKI+COUNTY+ARKANSAS,Physical+Thrapy+Clinic,"UAMS - Deborah L. ""Debbie"" Davis, PT",Physical therapist,"Orthopaedic Clinic Back and Neck Clinic, 10815 Colonel Glenn Rd, Little Rock, AR 72204",uamshealth.com,34.712723,-92.399769,72204,AR,"Pulaski, AR"
American Academy Healing Arts,https://www.google.com/maps/place/American+Academy+Healing+Arts/data=!4m6!3m5!1s0x87d2a3c1790b4d51:0xdb1b8607bf1838de!8m2!3d34.7762076!4d-92.3660923!16s%2Fg%2F1263dpxgy?authuser=0&hl=en&rclk=1,Physical therapy clinic,PULASKI+COUNTY+ARKANSAS,Physical+Thrapy+Clinic,American Academy Healing Arts,Physical therapy clinic,"8201 Cantrell Rd # 350, Little Rock, AR 72227",,34.776679,-92.365394,72227,AR,"Pulaski, AR"
Children's Rehabilitation Center,https://www.google.com/maps/place/Children's+Rehabilitation+Center/data=!4m6!3m5!1s0x87d2a10b44eaa1d9:0x9842e20f787292b3!8m2!3d34.7895092!4d-92.4021034!16s%2Fg%2F1tksjb46?authuser=0&hl=en&rclk=1,Physical therapy clinic,PULASKI+COUNTY+ARKANSAS,Physical+Thrapy+Clinic,Children's Rehabilitation Center,Physical therapy clinic,"3818 Woodland Heights Rd, Little Rock, AR 72212",easterseals.com,34.7890961,-92.4019337,72212,AR,"Pulaski, AR"
Advanced Physical Therapy of North Little Rock,https://www.google.com/maps/place/Advanced+Physical+Therapy+of+North+Little+Rock/data=!4m6!3m5!1s0x87d2bc539cc0f62d:0x11a260923dd3eca7!8m2!3d34.796199!4d-92.236745!16s%2Fg%2F11_rfkzcp?authuser=0&hl=en&rclk=1,Physical therapy clinic,PULASKI+COUNTY+ARKANSAS,Physical+Thrapy+Clinic,Advanced Physical Therapy of North Little Rock,Physical therapy clinic,"2504 McCain Blvd #230, North Little Rock, AR 72116",aptlr.com,34.7970638,-92.237841,72116,AR,"Pulaski, AR"
UAMS Hand Therapy Clinic,https://www.google.com/maps/place/UAMS+Hand+Therapy+Clinic/data=!4m6!3m5!1s0x87d2a4a1855a28f9:0x4d7851fc79398ffb!8m2!3d34.7495736!4d-92.3220467!16s%2Fg%2F1thx94kv?authuser=0&hl=en&rclk=1,Physical therapy clinic,PULASKI+COUNTY+ARKANSAS,Physical+Thrapy+Clinic,UAMS Hand Therapy Clinic,Occupational therapist,"4301 W Markham St, Little Rock, AR 72205",uamshealth.com,34.7482467,-92.3198885,72205,AR,"Pulaski, AR"
Baptist Health Therapy Center-North Little Rock,https://www.google.com/maps/place/Baptist+Health+Therapy+Center-North+Little+Rock/data=!4m6!3m5!1s0x87d2bf7f94665a1d:0x709f77e8d7a016d2!8m2!3d34.7960183!4d-92.2346599!16s%2Fg%2F11fr4g1r4v?authuser=0&hl=en&rclk=1,Physical therapy clinic,PULASKI+COUNTY+ARKANSAS,Physical+Thrapy+Clinic,Baptist Health Therapy Center-North Little Rock,Physical therapy clinic,"2601 McCain Blvd Suite A, North Little Rock, AR 72217",baptist-health.com,34.796137,-92.235534,72217,AR,"Pulaski, AR"
Debra Tatum,https://www.google.com/maps/place/Debra+Tatum/data=!4m6!3m5!1s0x87d2a36e249bffff:0xe195ac9cd5f3cb94!8m2!3d34.7666712!4d-92.3315035!16s%2Fg%2F11rkj8876x?authuser=0&hl=en&rclk=1,Physical therapy clinic,PULASKI+COUNTY+ARKANSAS,Physical+Thrapy+Clinic,Debra Tatum,Physical therapist,"5214 O St, Little Rock, AR 722075325",,34.766518,-92.3313735,75325,22,
"Nathan C. Tumlison, PT","https://www.google.com/maps/place/Nathan+C.+Tumlison,+PT/data=!4m6!3m5!1s0x87d2a6ceaecaf7ad:0xebec510711ca37a2!8m2!3d34.7391195!4d-92.3898089!16s%2Fg%2F1tf87mjg?authuser=0&hl=en&rclk=1",Physical therapy clinic,PULASKI+COUNTY+ARKANSAS,Physical+Thrapy+Clinic,"Nathan C. Tumlison, PT",Physical therapist,"1601 Aldersgate Rd, Little Rock, AR 72205",associatesphysicaltherapy.com,34.739094,-92.389972,72205,AR,"Pulaski, AR"
Baptist Health Therapy Center,https://www.google.com/maps/place/Baptist+Health+Therapy+Center/data=!4m6!3m5!1s0x87d2a1745e89af93:0x136198f413406703!8m2!3d34.7915276!4d-92.3979395!16s%2Fg%2F1tgk150b?authuser=0&hl=en&rclk=1,Physical therapy clinic,PULASKI+COUNTY+ARKANSAS,Physical+Thrapy+Clinic,Baptist Health Therapy Center,Occupational therapist,"4200 N Rodney Parham Rd, Little Rock, AR 72212",baptist-health.com,34.7903236,-92.397798,72212,AR,"Pulaski, AR"
A World of Difference Therapy,https://www.google.com/maps/place/A+World+of+Difference+Therapy/data=!4m6!3m5!1s0x87d2a1a8f1d2588f:0x5412c64591dc595d!8m2!3d34.7983526!4d-92.4132854!16s%2Fg%2F1thw_zvl?authuser=0&hl=en&rclk=1,Physical therapy clinic,PULASKI+COUNTY+ARKANSAS,Physical+Thrapy+Clinic,A World of Difference Therapy,Physical therapist,"12600 Cantrell Rd # 2, Little Rock, AR 72223",,34.7977203,-92.4134611,72223,AR,"Pulaski, AR"
"Laura K. Jennings, PT","https://www.google.com/maps/place/Laura+K.+Jennings,+PT/data=!4m6!3m5!1s0x87d2a5a0690c2bc7:0x999476a891a4bcb9!8m2!3d34.6871553!4d-92.3428889!16s%2Fg%2F1hc0w6gyx?authuser=0&hl=en&rclk=1",Physical therapy clinic,PULASKI+COUNTY+ARKANSAS,Physical+Thrapy+Clinic,"Laura K. Jennings, PT",Physical therapist,"6917 Geyer Springs Rd, Little Rock, AR 72209",,34.687176,-92.34332,72209,AR,"Pulaski, AR"
Mainstream,https://www.google.com/maps/place/Mainstream/data=!4m6!3m5!1s0x87d2a40a78ea3989:0x75fd7d9c042dacc2!8m2!3d34.7513484!4d-92.3645116!16s%2Fg%2F1tf48phv?authuser=0&hl=en&rclk=1,Physical therapy clinic,PULASKI+COUNTY+ARKANSAS,Physical+Thrapy+Clinic,Mainstream,Physical therapist,"300 S Rodney Parham Rd # 5, Little Rock, AR 72205",mainstreamilrc.com,34.7514072,-92.3645489,72205,AR,"Pulaski, AR"
Arkansas Physical Medicine And Rehabilitation,https://www.google.com/maps/place/Arkansas+Physical+Medicine+And+Rehabilitation/data=!4m6!3m5!1s0x87d2a4053f6feaf5:0xee171ecc4fc42cec!8m2!3d34.7563355!4d-92.2763192!16s%2Fg%2F1tfjlntv?authuser=0&hl=en&rclk=1,Physical therapy clinic,PULASKI+COUNTY+ARKANSAS,Physical+Thrapy+Clinic,Arkansas Physical Medicine And Rehabilitation,Chiropractor,"636 W Broadway St, North Little Rock, AR 72114",arphysmed.com,34.7566749,-92.2761186,72114,AR,"Pulaski, AR"
Athletes In Pain Sports Therapy Clinic,https://www.google.com/maps/place/Athletes+In+Pain+Sports+Therapy+Clinic/data=!4m6!3m5!1s0x87d2a13390cdaf71:0x79db5c1c13a702ec!8m2!3d34.7671897!4d-92.3970011!16s%2Fg%2F1tg9nn_n?authuser=0&hl=en&rclk=1,Physical therapy clinic,PULASKI+COUNTY+ARKANSAS,Physical+Thrapy+Clinic,Athletes In Pain Sports Therapy Clinic,Physical fitness program,"1428 Merrill Drive 281 Lake Hamilton Drive Hot Spring, 1428 Merrill Dr, Little Rock, AR 72211",athletesinpain.com,34.767732,-92.396315,72211,AR,"Pulaski, AR"
Rehab 4 Life,https://www.google.com/maps/place/Rehab+4+Life/data=!4m6!3m5!1s0x87d2bdfad62a8e9f:0xcbf2939cf6f671b0!8m2!3d34.8314131!4d-92.2310465!16s%2Fg%2F1tfdzd3j?authuser=0&hl=en&rclk=1,Physical therapy clinic,PULASKI+COUNTY+ARKANSAS,Physical+Thrapy+Clinic,Rehab 4 Life,Physical therapy clinic,"Sherwood, AR 72120",,34.8150907,-92.2243153,72120,AR,"Pulaski, AR"
Pinnacle Home Therapy,https://www.google.com/maps/place/Pinnacle+Home+Therapy/data=!4m6!3m5!1s0x87d2bdb400000001:0x7552742fb9761ea8!8m2!3d34.8089873!4d-92.2446176!16s%2Fg%2F1tfz0n7r?authuser=0&hl=en&rclk=1,Physical therapy clinic,PULASKI+COUNTY+ARKANSAS,Physical+Thrapy+Clinic,Pinnacle Home Therapy,Physical therapist,"5912 Cypress Creek Dr, North Little Rock, AR 72116",,34.8097386,-92.2451847,72116,AR,"Pulaski, AR"
Hop Skip & Jump Therapy,https://www.google.com/maps/place/Hop+Skip+%26+Jump+Therapy/data=!4m6!3m5!1s0x87d2a5a0690c2bc7:0xa643c8efe752a878!8m2!3d34.687175!4d-92.342938!16s%2Fg%2F1tg35rmt?authuser=0&hl=en&rclk=1,Physical therapy clinic,PULASKI+COUNTY+ARKANSAS,Physical+Thrapy+Clinic,Hop Skip & Jump Therapy,Physical therapist,"6917 Geyer Springs Rd # 1S, Little Rock, AR 72209",,34.686848,-92.343437,72209,AR,"Pulaski, AR"
"Stacy L. Alberson, OTR","https://www.google.com/maps/place/Stacy+L.+Alberson,+OTR/data=!4m6!3m5!1s0x87d2bc56f61dabc7:0xc874c79bca0813d3!8m2!3d34.7904032!4d-92.2615523!16s%2Fg%2F1tdq_7l7?authuser=0&hl=en&rclk=1",Physical therapy clinic,PULASKI+COUNTY+ARKANSAS,Physical+Thrapy+Clinic,"Stacy L. Alberson, OTR",Physical therapist,"119 W H Ave, North Little Rock, AR 72116",,34.7901287,-92.2607623,72116,AR,"Pulaski, AR"
"Kristina M. Caswell, PTA","https://www.google.com/maps/place/Kristina+M.+Caswell,+PTA/data=!4m6!3m5!1s0x87d2a5ed1d5a68ed:0x2ade8997e643b203!8m2!3d34.678837!4d-92.3341046!16s%2Fg%2F1hc5pmws0?authuser=0&hl=en&rclk=1",Physical therapy clinic,PULASKI+COUNTY+ARKANSAS,Physical+Thrapy+Clinic,"Kristina M. Caswell, PTA",Physical therapist,"9601 I-30, Little Rock, AR 72209",,34.6787887,-92.3442112,72209,AR,"Pulaski, AR"
Physical Therapy Advantage LLC,https://www.google.com/maps/place/Physical+Therapy+Advantage+LLC/data=!4m6!3m5!1s0x87cd5f61629df399:0x9220fab6450d8a06!8m2!3d34.8014426!4d-92.4488647!16s%2Fg%2F1th0bzpn?authuser=0&hl=en&rclk=1,Physical therapy clinic,PULASKI+COUNTY+ARKANSAS,Physical+Thrapy+Clinic,Physical Therapy Advantage LLC,Physical therapy clinic,"6 Seven Acres Dr ste a, Little Rock, AR 72223",ptadvantagear.com,34.8025926,-92.4481446,72223,AR,"Pulaski, AR"
"Galloway Therapy, PLLC","https://www.google.com/maps/place/Galloway+Therapy,+PLLC/data=!4m6!3m5!1s0x87d2be867a9fc7e3:0xf7db9296f37abbff!8m2!3d34.7931168!4d-92.212287!16s%2Fg%2F12641rf3x?authuser=0&hl=en&rclk=1",Physical therapy clinic,PULASKI+COUNTY+ARKANSAS,Physical+Thrapy+Clinic,"Galloway Therapy, PLLC",Physical therapy clinic,"4624 E 43rd St, North Little Rock, AR 72117",gallowaytherapy.com,34.7934443,-92.2128483,72117,AR,"Pulaski, AR"
"UAMS - Sharon A. Buratowski, OT","https://www.google.com/maps/place/UAMS+-+Sharon+A.+Buratowski,+OT/data=!4m6!3m5!1s0x87d2a55754161123:0x144e61e602bb25bf!8m2!3d34.7473395!4d-92.318282!16s%2Fg%2F11qzds57_r?authuser=0&hl=en&rclk=1",Occupational health service,PULASKI+COUNTY+ARKANSAS,Physical+Thrapy+Clinic,,,,,,,,,
Harris & Renshaw -North Little Rock,https://www.google.com/maps/place/Harris+%26+Renshaw+-North+Little+Rock/data=!4m6!3m5!1s0x87d2bdd296c13a11:0xbd70eb21694beff9!8m2!3d34.7996599!4d-92.2327533!16s%2Fg%2F1tfjwtvy?authuser=0&hl=en&rclk=1,Occupational health service,PULASKI+COUNTY+ARKANSAS,Physical+Thrapy+Clinic,Harris & Renshaw -North Little Rock,Physical therapist,"4801 Fairway Ave, North Little Rock, AR 72116",harrisandrenshawpt.com,34.799461,-92.232397,72116,AR,"Pulaski, AR"
Arkansas Lymphedema Therapy Providers,https://www.google.com/maps/place/Arkansas+Lymphedema+Therapy+Providers/data=!4m6!3m5!1s0x87d2bd6a585f150d:0xec3c977bdd3d5bde!8m2!3d34.7904126!4d-92.2615968!16s%2Fg%2F11hkxk5xw4?authuser=0&hl=en&rclk=1,Occupational health service,PULASKI+COUNTY+ARKANSAS,Physical+Thrapy+Clinic,Arkansas Lymphedema Therapy Providers,Lymph drainage therapist,"119 W H Ave, North Little Rock, AR 72116",arlymphedematherapy.com,34.7901287,-92.2607623,72116,AR,"Pulaski, AR"
UAMS Health - Orthopaedic Clinic,https://www.google.com/maps/place/UAMS+Health+-+Orthopaedic+Clinic/data=!4m6!3m5!1s0x87d2a68b8acb3591:0xc692d37eae6b59e!8m2!3d34.7118261!4d-92.3974857!16s%2Fg%2F11dyqrttjz?authuser=0&hl=en&rclk=1,Occupational health service,PULASKI+COUNTY+ARKANSAS,Physical+Thrapy+Clinic,UAMS Health - Orthopaedic Clinic,Orthopedic clinic,"10815 Colonel Glenn Rd Suite 500, Little Rock, AR 72204",uamshealth.com,34.7125407,-92.3969073,72204,AR,"Pulaski, AR"
Family Therapy Services,https://www.google.com/maps/place/Family+Therapy+Services/data=!4m6!3m5!1s0x87d2a15368ec6593:0xaf48f6912e8d1f44!8m2!3d34.752396!4d-92.387005!16s%2Fg%2F1264gqgg0?authuser=0&hl=en&rclk=1,Occupational health service,PULASKI+COUNTY+ARKANSAS,Physical+Thrapy+Clinic,Family Therapy Services,Mental health service,"10 Corporate Hill Dr #330, Little Rock, AR 72205",,34.7524474,-92.3869206,72205,AR,"Pulaski, AR"
"Ina R. Broadaway, PTA","https://www.google.com/maps/place/Ina+R.+Broadaway,+PTA/data=!4m6!3m5!1s0x87d2a0bd8db24d71:0x64b5d967cfad272b!8m2!3d34.7711404!4d-92.4471685!16s%2Fg%2F1tl_m7pl?authuser=0&hl=en&rclk=1",Occupational health service,PULASKI+COUNTY+ARKANSAS,Physical+Thrapy+Clinic,"Ina R. Broadaway, PTA",Physical therapist,"1801 Champlin Dr, Little Rock, AR 72223",,34.7715658,-92.4472001,72223,AR,"Pulaski, AR"
Arkansas Spcialty Care Center,https://www.google.com/maps/place/Arkansas+Spcialty+Care+Center/data=!4m6!3m5!1s0x87d2be6eaaba5593:0x643911d2ed914c04!8m2!3d34.8148066!4d-92.2090928!16s%2Fg%2F1tflb5s6?authuser=0&hl=en&rclk=1,Occupational health service,PULASKI+COUNTY+ARKANSAS,Physical+Thrapy+Clinic,Arkansas Spcialty Care Center,Physical therapy clinic,"1525 Country Club Rd, Sherwood, AR 72120",,34.8158297,-92.2085282,72120,AR,"Pulaski, AR"
Robert Tillman,https://www.google.com/maps/place/Robert+Tillman/data=!4m6!3m5!1s0x87d2a12a296aaaab:0x1a2adc63d311e8cc!8m2!3d34.7554205!4d-92.4187869!16s%2Fg%2F11pkfqm2j8?authuser=0&hl=en&rclk=1,Occupational health service,PULASKI+COUNTY+ARKANSAS,Physical+Thrapy+Clinic,Robert Tillman,Physical therapist,"13100 Chenal Pkwy, Little Rock, AR 722115214",pt-orthorehab.com,34.75445,-92.4153775,15214,22,"Allegheny, PA"
UAMS Health - Neurology Clinic,https://www.google.com/maps/place/UAMS+Health+-+Neurology+Clinic/data=!4m6!3m5!1s0x87d2a58498d5d07d:0xcc7ef0ba5dab358d!8m2!3d34.7473395!4d-92.318282!16s%2Fg%2F11qy9wkggj?authuser=0&hl=en&rclk=1,Occupational health service,PULASKI+COUNTY+ARKANSAS,Physical+Thrapy+Clinic,UAMS Health - Neurology Clinic,Physical therapy clinic,"T. Stephens Spine and Neuroscience Institute Second Floor, 501 Jack Stephens Drive Jackson, Little Rock, AR 72205",uamshealth.com,34.755572,-92.329364,72205,AR,"Pulaski, AR"
Arkansas Medical Massage Clinic,https://www.google.com/maps/place/Arkansas+Medical+Massage+Clinic/data=!4m6!3m5!1s0x87d2a3bff894eaab:0x7a7b542dd823d42!8m2!3d34.77376!4d-92.361634!16s%2Fg%2F1261vbwqp?authuser=0&hl=en&rclk=1,Occupational health service,PULASKI+COUNTY+ARKANSAS,Physical+Thrapy+Clinic,Arkansas Medical Massage Clinic,Sports massage therapist,"7801 Cantrell Rd # B, Little Rock, AR 72227",arkmedicalmassage.com,34.773648,-92.360733,72227,AR,"Pulaski, AR"
Baptist Health Nuclear Imaging,https://www.google.com/maps/place/Baptist+Health+Nuclear+Imaging/data=!4m6!3m5!1s0x87d2a1745e89af93:0x950ffc147577507a!8m2!3d34.7908193!4d-92.3984781!16s%2Fg%2F126445w03?authuser=0&hl=en&rclk=1,Occupational health service,PULASKI+COUNTY+ARKANSAS,Physical+Thrapy+Clinic,Baptist Health Nuclear Imaging,Physical therapy clinic,"4200 Rodney Parham Rd # 100, Little Rock, AR 72212",,34.78627,-92.401934,72212,AR,"Pulaski, AR"
Arkansas Injury Clinic & Care,https://www.google.com/maps/place/Arkansas+Injury+Clinic+%26+Care/data=!4m6!3m5!1s0x87d2bff63500aee5:0x36bb27495de997d2!8m2!3d34.8167328!4d-92.205147!16s%2Fg%2F11j6ry1zym?authuser=0&hl=en&rclk=1,Occupational health service,PULASKI+COUNTY+ARKANSAS,Physical+Thrapy+Clinic,Arkansas Injury Clinic & Care,Physical therapy clinic,"2402 Wildwood Ave Suite 120, Sherwood, AR 72120",,34.814354,-92.206206,72120,AR,"Pulaski, AR"
"True Self Therapy, P-LLC","https://www.google.com/maps/place/True+Self+Therapy,+P-LLC/data=!4m6!3m5!1s0x87d2a4aa55555555:0x5a90409fff8c2558!8m2!3d34.7522834!4d-92.3350731!16s%2Fg%2F11gk1sk9n0?authuser=0&hl=en&rclk=1",Occupational health service,PULASKI+COUNTY+ARKANSAS,Physical+Thrapy+Clinic,"True Self Therapy, P-LLC",Mental health clinic,"5506 W Markham St, Little Rock, AR 72205",satnamyogatherapy.com,34.752101,-92.3349597,72205,AR,"Pulaski, AR"
Baptist Health Therapy Center-Saddle Creek,https://www.google.com/maps/place/Baptist+Health+Therapy+Center-Saddle+Creek/data=!4m6!3m5!1s0x87cd5f89b4fb7a53:0x2eac5f10e5ccfcd4!8m2!3d34.8078764!4d-92.4633894!16s%2Fg%2F1tywygvg?authuser=0&hl=en&rclk=1,Occupational health service,PULASKI+COUNTY+ARKANSAS,Physical+Thrapy+Clinic,Baptist Health Therapy Center-Saddle Creek,Physical therapy clinic,"5900 Ranch Dr, Little Rock, AR 72223",baptist-health.com,34.8081495,-92.4629905,72223,AR,"Pulaski, AR"
Baptist Health Rehabilitation Institute-Little Rock,https://www.google.com/maps/place/Baptist+Health+Rehabilitation+Institute-Little+Rock/data=!4m6!3m5!1s0x87d2a4022662b1b7:0x8e87f09471c83982!8m2!3d34.7449684!4d-92.3796084!16s%2Fg%2F11bz07j6sf?authuser=0&hl=en&rclk=1,Occupational health service,PULASKI+COUNTY+ARKANSAS,Physical+Thrapy+Clinic,Baptist Health Rehabilitation Institute-Little Rock,Rehabilitation center,"9501 Baptist Health Dr, Little Rock, AR 72205",baptist-health.com,34.745,-92.3794444,72205,AR,"Pulaski, AR"
Kelley Glenn,https://www.google.com/maps/place/Kelley+Glenn/data=!4m6!3m5!1s0x87d2a064e5b00001:0xa29fd00abc3eb428!8m2!3d34.8014426!4d-92.4488647!16s%2Fg%2F11p079t96d?authuser=0&hl=en&rclk=1,Occupational health service,PULASKI+COUNTY+ARKANSAS,Physical+Thrapy+Clinic,Kelley Glenn,Physical therapist,"6 Seven Acres Dr Ste A, Little Rock, AR 72223",ptadvantagear.com,34.8025926,-92.4481446,72223,AR,"Pulaski, AR"
UAMS Health - Orthopaedic Clinic,https://www.google.com/maps/place/UAMS+Health+-+Orthopaedic+Clinic/data=!4m6!3m5!1s0x87d2a6cade96f011:0x4c8f06bc54f1cc3!8m2!3d34.7493004!4d-92.4033273!16s%2Fg%2F11c5blcq52?authuser=0&hl=en&rclk=1,Occupational health service,PULASKI+COUNTY+ARKANSAS,Physical+Thrapy+Clinic,UAMS Health - Orthopaedic Clinic,Orthopedic clinic,"600 Autumn Rd, Little Rock, AR 72211",uamshealth.com,34.749128,-92.4028372,72211,AR,"Pulaski, AR"
Mentor Network,https://www.google.com/maps/place/Mentor+Network/data=!4m6!3m5!1s0x87d2be8016ad2d21:0xaa1cf4f7e58a0b46!8m2!3d34.797011!4d-92.222775!16s%2Fg%2F1tf5f8km?authuser=0&hl=en&rclk=1,Occupational health service,PULASKI+COUNTY+ARKANSAS,Physical+Thrapy+Clinic,Mentor Network,Physical therapy clinic,"4500 W Commercial Dr, North Little Rock, AR 72116",,34.797341,-92.224012,72116,AR,"Pulaski, AR"
Omnis Rehab: Joint and Performance Center,https://www.google.com/maps/place/Omnis+Rehab:+Joint+and+Performance+Center/data=!4m6!3m5!1s0x87d2a6fa6eae9e8d:0xa6cb2ae09f105d9b!8m2!3d34.7112888!4d-92.4112999!16s%2Fg%2F11cn7wryhw?authuser=0&hl=en&rclk=1,Occupational health service,PULASKI+COUNTY+ARKANSAS,Physical+Thrapy+Clinic,Omnis Rehab: Joint and Performance Center,Chiropractor,"12120 Colonel Glenn Rd #6200, Little Rock, AR 72210",omnisrehab.com,34.7103716,-92.410692,72210,AR,"Pulaski, AR"
John Galloway,https://www.google.com/maps/place/John+Galloway/data=!4m6!3m5!1s0x87d2be88ceafffff:0x2ef445807b01ddee!8m2!3d34.7931054!4d-92.2122536!16s%2Fg%2F11p07b2bmz?authuser=0&hl=en&rclk=1,Occupational health service,PULASKI+COUNTY+ARKANSAS,Physical+Thrapy+Clinic,John Galloway,Physical therapist,"4624 E 43rd St, North Little Rock, AR 72117",,34.7934443,-92.2128483,72117,AR,"Pulaski, AR"
UAMS Department of Physical Medicine and Rehabilitation,https://www.google.com/maps/place/UAMS+Department+of+Physical+Medicine+and+Rehabilitation/data=!4m6!3m5!1s0x87d2a4a1855a28f9:0x5308c58209f8e3ca!8m2!3d34.7495736!4d-92.3220467!16s%2Fg%2F1tgpt49h?authuser=0&hl=en&rclk=1,University department,PULASKI+COUNTY+ARKANSAS,Physical+Thrapy+Clinic,UAMS Department of Physical Medicine and Rehabilitation,University department,"4301 W Markham St #602, Little Rock, AR 72205",medicine.uams.edu,34.7482467,-92.3198885,72205,AR,"Pulaski, AR"
Timber Ridge Group Inc,https://www.google.com/maps/place/Timber+Ridge+Group+Inc/data=!4m6!3m5!1s0x87d2be8016ad2d21:0xa73c0507f6a995a!8m2!3d34.797011!4d-92.222775!16s%2Fg%2F1tnblp0r?authuser=0&hl=en&rclk=1,University department,PULASKI+COUNTY+ARKANSAS,Physical+Thrapy+Clinic,Timber Ridge Group Inc,Physical therapy clinic,"4500 W Commercial Dr, North Little Rock, AR 72116",,34.797341,-92.224012,72116,AR,"Pulaski, AR"
Butler Adult Living Center,https://www.google.com/maps/place/Butler+Adult+Living+Center/data=!4m6!3m5!1s0x87d2a10b44eaa1d9:0xf26041c56610af4!8m2!3d34.7900725!4d-92.4025786!16s%2Fg%2F1thqh8wt?authuser=0&hl=en&rclk=1,University department,PULASKI+COUNTY+ARKANSAS,Physical+Thrapy+Clinic,Butler Adult Living Center,Physical therapy clinic,"3920 Woodland Heights Rd, Little Rock, AR 72212",easterseals.com,34.7903426,-92.4018974,72212,AR,"Pulaski, AR"
Wilson Court Apartments,https://www.google.com/maps/place/Wilson+Court+Apartments/data=!4m6!3m5!1s0x87d2a10b44eaa1d9:0x168b09515283bcc5!8m2!3d34.7900725!4d-92.4025786!16s%2Fg%2F1tc_x3yp?authuser=0&hl=en&rclk=1,University department,PULASKI+COUNTY+ARKANSAS,Physical+Thrapy+Clinic,Wilson Court Apartments,Physical therapy clinic,"3920 Woodland Heights Rd, Little Rock, AR 72212",,34.7903426,-92.4018974,72212,AR,"Pulaski, AR"
Horizon OrthoRehab & Diagnostics,https://www.google.com/maps/place/Horizon+OrthoRehab+%26+Diagnostics/data=!4m6!3m5!1s0x87d2bf9b90fb9bf1:0xfad449e6d91de111!8m2!3d34.7920673!4d-92.2219373!16s%2Fg%2F11jk3mmjcb?authuser=0&hl=en&rclk=1,University department,PULASKI+COUNTY+ARKANSAS,Physical+Thrapy+Clinic,Horizon OrthoRehab & Diagnostics,Chiropractor,"4100 Landers Rd, North Little Rock, AR 72117",horizonordclinic.com,34.7924547,-92.2222363,72117,AR,"Pulaski, AR"
OrthoArkansas,https://www.google.com/maps/place/OrthoArkansas/data=!4m6!3m5!1s0x87d2a6ae5615a48b:0xd83af55824d32c7c!8m2!3d34.7443466!4d-92.3357009!16s%2Fg%2F1tdy9lwt?authuser=0&hl=en&rclk=1,University department,PULASKI+COUNTY+ARKANSAS,Physical+Thrapy+Clinic,OrthoArkansas,Orthopedic clinic,"800 Fair Park Blvd, Little Rock, AR 72204",orthoarkansas.com,34.744464,-92.334431,72204,AR,"Pulaski, AR"
UAMS Health - Thomas and Lyon Longevity Clinic,https://www.google.com/maps/place/UAMS+Health+-+Thomas+and+Lyon+Longevity+Clinic/data=!4m6!3m5!1s0x87d2a4a02639aea1:0xbb083adf3516b620!8m2!3d34.7460403!4d-92.318161!16s%2Fg%2F1hc6zjgy8?authuser=0&hl=en&rclk=1,University department,PULASKI+COUNTY+ARKANSAS,Physical+Thrapy+Clinic,UAMS Health - Thomas and Lyon Longevity Clinic,Physical therapy clinic,"Donald W. Reynolds Institute on Aging Second Floor, 625 Jack Stephens Dr, Little Rock, AR 72205",uamshealth.com,34.746304,-92.318637,72205,AR,"Pulaski, AR"
Complete Pulmonary Rehab - Little Rock,https://www.google.com/maps/place/Complete+Pulmonary+Rehab+-+Little+Rock/data=!4m6!3m5!1s0x87d2a372f51bc6ab:0x6f938bac191f5f08!8m2!3d34.763539!4d-92.3401504!16s%2Fg%2F11h27cll9l?authuser=0&hl=en&rclk=1,University department,PULASKI+COUNTY+ARKANSAS,Physical+Thrapy+Clinic,Complete Pulmonary Rehab - Little Rock,Pulmonologist,"5905 Forest Pl Suite 200, Little Rock, AR 72207",business.site,34.7651163,-92.3399087,72207,AR,"Pulaski, AR"
Armistead Village Apartments,https://www.google.com/maps/place/Armistead+Village+Apartments/data=!4m6!3m5!1s0x87d2a10b44eaa1d9:0x4d7395247686ae2d!8m2!3d34.7900725!4d-92.4025786!16s%2Fg%2F1wf39463?authuser=0&hl=en&rclk=1,University department,PULASKI+COUNTY+ARKANSAS,Physical+Thrapy+Clinic,Armistead Village Apartments,Physical therapy clinic,"3920 Woodland Heights Rd, Little Rock, AR 72212",,34.7903426,-92.4018974,72212,AR,"Pulaski, AR"
LTC Rehab,https://www.google.com/maps/place/LTC+Rehab/data=!4m6!3m5!1s0x87cd5f947d37913f:0x6f796d9b07fdd3f7!8m2!3d34.813678!4d-92.47391!16s%2Fg%2F1262l8wfj?authuser=0&hl=en&rclk=1,University department,PULASKI+COUNTY+ARKANSAS,Physical+Thrapy+Clinic,LTC Rehab,Physical therapy clinic,"6411 Valley Ranch Dr, Little Rock, AR 72223",,34.8133909,-92.4747292,72223,AR,"Pulaski, AR"
Pediatrics Plus - Little Rock,https://www.google.com/maps/place/Pediatrics+Plus+-+Little+Rock/data=!4m6!3m5!1s0x87d2a6a4de951177:0x7f84a63cc076edb2!8m2!3d34.7364527!4d-92.3909833!16s%2Fg%2F1261ms9gg?authuser=0&hl=en&rclk=1,University department,PULASKI+COUNTY+ARKANSAS,Physical+Thrapy+Clinic,Pediatrics Plus - Little Rock,Special education school,"1900 Aldersgate Rd, Little Rock, AR 72205",pediatricsplus.com,34.7366476,-92.390302,72205,AR,"Pulaski, AR"
CHI St. Vincent Sherwood Rehabilitation Hospital,https://www.google.com/maps/place/CHI+St.+Vincent+Sherwood+Rehabilitation+Hospital/data=!4m6!3m5!1s0x87d2be6eca62f383:0x385f174f4f7469b7!8m2!3d34.813576!4d-92.2087623!16s%2Fg%2F1tg5vlf8?authuser=0&hl=en&rclk=1,University department,PULASKI+COUNTY+ARKANSAS,Physical+Thrapy+Clinic,CHI St. Vincent Sherwood Rehabilitation Hospital,Hospital,"2201 Wildwood Ave, Sherwood, AR 72120",encompasshealth.com,34.81297,-92.20805,72120,AR,"Pulaski, AR"
"Nash Therapeutic Services, LLC.","https://www.google.com/maps/place/Nash+Therapeutic+Services,+LLC./data=!4m6!3m5!1s0x87d2bc8b0ca5baf9:0xa1e0a9c0f7dd7f5f!8m2!3d34.75528!4d-92.2755426!16s%2Fg%2F1thtq3mb?authuser=0&hl=en&rclk=1",University department,PULASKI+COUNTY+ARKANSAS,Physical+Thrapy+Clinic,"Nash Therapeutic Services, LLC.",Mental health service,"628 W Broadway St, North Little Rock, AR 72114",nashtherapy.net,34.7566521,-92.2736782,72114,AR,"Pulaski, AR"
Chad Williams,https://www.google.com/maps/place/Chad+Williams/data=!4m6!3m5!1s0x87d2bdd290da1555:0x48f6cd3f6d3ffbbc!8m2!3d34.7996375!4d-92.2327618!16s%2Fg%2F11p07bcyxr?authuser=0&hl=en&rclk=1,University department,PULASKI+COUNTY+ARKANSAS,Physical+Thrapy+Clinic,Chad Williams,Physical therapist,"4801 Fairway Ave, North Little Rock, AR 72116",,34.799461,-92.232397,72116,AR,"Pulaski, AR"
UAMS Health - Child Study Center Outpatient Therapy Clinic,https://www.google.com/maps/place/UAMS+Health+-+Child+Study+Center+Outpatient+Therapy+Clinic/data=!4m6!3m5!1s0x87d2bb574905bbf7:0xad2855937841c6b2!8m2!3d34.7466!4d-92.2926!16s%2Fg%2F11m9nd452q?authuser=0&hl=en&rclk=1,University department,PULASKI+COUNTY+ARKANSAS,Physical+Thrapy+Clinic,UAMS Health - Child Study Center Outpatient Therapy Clinic,Medical clinic,"1210 Wolfe St The David M. Clark Center for Safe and Healthy Children Second Floor, Little Rock, AR 72202",uamshealth.com,34.739451,-92.29294,72202,AR,"Pulaski, AR"
Systemedic,https://www.google.com/maps/place/Systemedic/data=!4m6!3m5!1s0x87d2a6c6168d2933:0xde08afa7593eec3d!8m2!3d34.7431306!4d-92.4037029!16s%2Fg%2F1vcjmsql?authuser=0&hl=en&rclk=1,University department,PULASKI+COUNTY+ARKANSAS,Physical+Thrapy+Clinic,Systemedic,Occupational health service,"11617 Kanis Rd, Little Rock, AR 72211",systemedic.com,34.7433191,-92.4032033,72211,AR,"Pulaski, AR"
ProMotion Physical Therapy,https://www.google.com/maps/place/ProMotion+Physical+Therapy/data=!4m6!3m5!1s0x87d2b89e287644f3:0x849b72d8cd9ff10!8m2!3d34.7297265!4d-92.1451268!16s%2Fg%2F11b73jyv_z?authuser=0&hl=en&rclk=1,University department,PULASKI+COUNTY+ARKANSAS,Physical+Thrapy+Clinic,ProMotion Physical Therapy,Physical therapist,"11100 Hwy 165, # 5, North Little Rock, AR 72117",promopt.net,34.722822,-92.121516,72117,AR,"Pulaski, AR"
"Louis M. Tretter, PT","https://www.google.com/maps/place/Louis+M.+Tretter,+PT/data=!4m6!3m5!1s0x87d2a0882e939a65:0x4334fa033a4afc9c!8m2!3d34.7932579!4d-92.4484785!16s%2Fg%2F1hc1wx9nc?authuser=0&hl=en&rclk=1",University department,PULASKI+COUNTY+ARKANSAS,Physical+Thrapy+Clinic,"Louis M. Tretter, PT",Physical therapist,"112 Holland Ln, Little Rock, AR 72223",,34.7932217,-92.4482782,72223,AR,"Pulaski, AR"
Riverstone Wellness Center,https://www.google.com/maps/place/Riverstone+Wellness+Center/data=!4m6!3m5!1s0x87d2a3779abef277:0x948121963f149339!8m2!3d34.7635438!4d-92.3400643!16s%2Fg%2F11cn6tbs4l?authuser=0&hl=en&rclk=1,University department,PULASKI+COUNTY+ARKANSAS,Physical+Thrapy+Clinic,Riverstone Wellness Center,Mental health service,"5905 Forest Pl #230, Little Rock, AR 72207",riverstonewellnesscenter.com,34.7651163,-92.3399087,72207,AR,"Pulaski, AR"
Let's Talk Therapy Services,https://www.google.com/maps/place/Let's+Talk+Therapy+Services/data=!4m6!3m5!1s0x87d2a152879a6229:0x6eac2fdc15899d7e!8m2!3d34.7541872!4d-92.3882489!16s%2Fg%2F11c3xbyknz?authuser=0&hl=en&rclk=1,University department,PULASKI+COUNTY+ARKANSAS,Physical+Thrapy+Clinic,Let's Talk Therapy Services,Speech pathologist,"10310 W Markham St #205, Little Rock, AR 72205",letstalkar.com,34.7538775,-92.3881132,72205,AR,"Pulaski, AR"
Progressive Therapy,https://www.google.com/maps/place/Progressive+Therapy/data=!4m6!3m5!1s0x87d29dab76605719:0x75a1cd00923e75ed!8m2!3d34.965421!4d-92.4231609!16s%2Fg%2F1vljgwcm?authuser=0&hl=en&rclk=1,Physical therapist,PULASKI+COUNTY+ARKANSAS,Physical+Thrapy+Clinic,Progressive Therapy,Physical therapist,"582 AR-365, Mayflower, AR 72106",,34.9658562,-92.4237007,72106,AR,"Faulkner, AR"
Jacksonville Physical Therapy,https://www.google.com/maps/place/Jacksonville+Physical+Therapy/data=!4m6!3m5!1s0x87d2eac100a1b2d5:0x645f03e5d008b3e6!8m2!3d34.8712037!4d-92.1246421!16s%2Fg%2F1vc_qx73?authuser=0&hl=en&rclk=1,Physical therapist,PULASKI+COUNTY+ARKANSAS,Physical+Thrapy+Clinic,Jacksonville Physical Therapy,Physical therapist,"208 John Harden Dr, Jacksonville, AR 72076",jacksonvillept.net,34.8690385,-92.1278745,72076,AR,"Pulaski, AR"
Carson Physical Therapy - Bryant,https://www.google.com/maps/place/Carson+Physical+Therapy+-+Bryant/data=!4m6!3m5!1s0x87cd57a8e0982813:0x77153e65b0abffc9!8m2!3d34.6245592!4d-92.4966215!16s%2Fg%2F1wcxdmpt?authuser=0&hl=en&rclk=1,Physical therapist,PULASKI+COUNTY+ARKANSAS,Physical+Thrapy+Clinic,Carson Physical Therapy - Bryant,Physical therapy clinic,"3231 Main St #3, Bryant, AR 72022",carsonphysicaltherapy.com,34.623914,-92.496168,72022,AR,"Saline, AR"
Men's Rehabilitation,https://www.google.com/maps/place/Men's+Rehabilitation/data=!4m6!3m5!1s0x87d2bba8beada7e1:0xc718f27d5c2d1107!8m2!3d34.7196565!4d-92.2587281!16s%2Fg%2F1th0bztq?authuser=0&hl=en&rclk=1,Physical therapist,PULASKI+COUNTY+ARKANSAS,Physical+Thrapy+Clinic,Men's Rehabilitation,Church,"3003 Confederate Blvd, Little Rock, AR 72206",,34.7193345,-92.2589601,72206,AR,"Pulaski, AR"
CHI St. Vincent Inpatient Behavioral Health - Little Rock,https://www.google.com/maps/place/CHI+St.+Vincent+Inpatient+Behavioral+Health+-+Little+Rock/data=!4m6!3m5!1s0x87d2a481cadbb509:0xb6254dc51c3c9b4c!8m2!3d34.7504671!4d-92.3393722!16s%2Fg%2F11dxhz9fzx?authuser=0&hl=en&rclk=1,Physical therapist,PULASKI+COUNTY+ARKANSAS,Physical+Thrapy+Clinic,CHI St. Vincent Inpatient Behavioral Health - Little Rock,Mental health clinic,"2 St Vincent Cir, Little Rock, AR 72205",chistvincent.com,34.7504025,-92.3387075,72205,AR,"Pulaski, AR"
OrthoArkansas Surgery Center,https://www.google.com/maps/place/OrthoArkansas+Surgery+Center/data=!4m6!3m5!1s0x87d2a786326194f9:0x84ec13bb647ff09a!8m2!3d34.7421231!4d-92.3892887!16s%2Fg%2F11fk3cg704?authuser=0&hl=en&rclk=1,Physical therapist,PULASKI+COUNTY+ARKANSAS,Physical+Thrapy+Clinic,OrthoArkansas Surgery Center,Surgical center,"10301 Kanis Rd, Little Rock, AR 72205",orthoarkansassurgerycenter.com,34.742823,-92.3888281,72205,AR,"Pulaski, AR"
Pediatrics Plus - North Little Rock,https://www.google.com/maps/place/Pediatrics+Plus+-+North+Little+Rock/data=!4m6!3m5!1s0x87d2a2519a21c7cb:0xdad590584e188e9a!8m2!3d34.8053452!4d-92.3524665!16s%2Fg%2F1tqtb68c?authuser=0&hl=en&rclk=1,Physical therapist,PULASKI+COUNTY+ARKANSAS,Physical+Thrapy+Clinic,Pediatrics Plus - North Little Rock,Special education school,"4901 Northshore Dr, North Little Rock, AR 72118",pediatricsplus.com,34.806241,-92.351985,72118,AR,"Pulaski, AR"
Carson Physical Therapy East End,https://www.google.com/maps/place/Carson+Physical+Therapy+East+End/data=!4m6!3m5!1s0x87d2adcea3c5a633:0xa8cfc3b9bc8d719f!8m2!3d34.560346!4d-92.336101!16s%2Fg%2F1thhl11k?authuser=0&hl=en&rclk=1,Physical therapist,PULASKI+COUNTY+ARKANSAS,Physical+Thrapy+Clinic,Carson Physical Therapy East End,Physical therapist,"20800 Arch Street Pike, Hensley, AR 72065",carsonphysicaltherapy.com,34.579575,-92.326736,72065,AR,"Saline, AR"
Arkansas Pain Care Clinics,https://www.google.com/maps/place/Arkansas+Pain+Care+Clinics/data=!4m6!3m5!1s0x87d2a14cc9961e89:0x2bb7fed398ac52f3!8m2!3d34.7510414!4d-92.3947296!16s%2Fg%2F11f3zy8l25?authuser=0&hl=en&rclk=1,Physical therapist,PULASKI+COUNTY+ARKANSAS,Physical+Thrapy+Clinic,Arkansas Pain Care Clinics,Medical clinic,"300 S Shackleford Rd, Little Rock, AR 72211",arpaincareclinics.com,34.7510605,-92.3948534,72211,AR,"Pulaski, AR"
Reflections Therapy Services,https://www.google.com/maps/place/Reflections+Therapy+Services/data=!4m6!3m5!1s0x862d597eeb4bb42d:0x89212229164c2d9b!8m2!3d39.0659688!4d-99.142686!16s%2Fg%2F11r8q6h0fm?authuser=0&hl=en&rclk=1,Physical therapist,PULASKI+COUNTY+ARKANSAS,Physical+Thrapy+Clinic,Reflections Therapy Services,Physical therapy clinic,,reflectionstherapyservices.org,,,,,
Living hope,https://www.google.com/maps/place/Living+hope/data=!4m6!3m5!1s0x87d2a16ccb1394eb:0xe0e25799c2400198!8m2!3d34.7530163!4d-92.3856775!16s%2Fg%2F11s135p12q?authuser=0&hl=en&rclk=1,Physical therapist,PULASKI+COUNTY+ARKANSAS,Physical+Thrapy+Clinic,Living hope,Psychotherapist,"1 Corporate Hill Dr, Little Rock, AR 72205",,34.753556,-92.386224,72205,AR,"Pulaski, AR"
Hippos and Fish Therapy,https://www.google.com/maps/place/Hippos+and+Fish+Therapy/data=!4m6!3m5!1s0x87d2bd2e6f52a9d7:0xf2255de5690de2f6!8m2!3d34.8057344!4d-92.2964603!16s%2Fg%2F11bysjn_p4?authuser=0&hl=en&rclk=1,Physical therapist,PULASKI+COUNTY+ARKANSAS,Physical+Thrapy+Clinic,Hippos and Fish Therapy,Doctor,"304 Sorenson St, North Little Rock, AR 72118",hipposandfish.com,34.8062389,-92.2967028,72118,AR,"Pulaski, AR"
McMaster Physical Therapy Clinic,https://www.google.com/maps/place/McMaster+Physical+Therapy+Clinic/data=!4m6!3m5!1s0x87cd7dc5fe214273:0xdc80b2606de6b892!8m2!3d35.0850007!4d-92.4903879!16s%2Fg%2F1trtvvr0?authuser=0&hl=en&rclk=1,Physical therapist,PULASKI+COUNTY+ARKANSAS,Physical+Thrapy+Clinic,McMaster Physical Therapy Clinic,Physical therapist,"3605 College Ave, Conway, AR 72034",mcmasterpt.com,35.085304,-92.4897186,72034,AR,"Faulkner, AR"
Pro Active Rehab Inc,https://www.google.com/maps/place/Pro+Active+Rehab+Inc/data=!4m6!3m5!1s0x87cd5178c571a89f:0x2d6170330b337274!8m2!3d34.5769639!4d-92.5783579!16s%2Fg%2F1tfvzp6y?authuser=0&hl=en&rclk=1,Physical therapist,PULASKI+COUNTY+ARKANSAS,Physical+Thrapy+Clinic,Pro Active Rehab Inc,Physical therapy clinic,"1308 Military Rd, Benton, AR 72015",proactiverehab.net,34.5761432,-92.577809,72015,AR,"Saline, AR"
Baptist Health Therapy Center-Bryant,https://www.google.com/maps/place/Baptist+Health+Therapy+Center-Bryant/data=!4m6!3m5!1s0x87cd5707147037b7:0x190e65678b831c93!8m2!3d34.6230699!4d-92.5013794!16s%2Fg%2F11cnctstk0?authuser=0&hl=en&rclk=1,Physical therapist,PULASKI+COUNTY+ARKANSAS,Physical+Thrapy+Clinic,Baptist Health Therapy Center-Bryant,Physical therapy clinic,"612 Office Park Dr Suite 5, Bryant, AR 72022",baptist-health.com,34.6224155,-92.499308,72022,AR,"Saline, AR"
Bowen Hefley Orthopedics,https://www.google.com/maps/place/Bowen+Hefley+Orthopedics/data=!4m6!3m5!1s0x87d2a4808844fcd3:0xf4ebe2d9b5b09fc4!8m2!3d34.75151!4d-92.3370359!16s%2Fg%2F1tmz7gl2?authuser=0&hl=en&rclk=1,Physical therapist,PULASKI+COUNTY+ARKANSAS,Physical+Thrapy+Clinic,Bowen Hefley Orthopedics,Orthopedic surgeon,"5 St Vincent Cir, Little Rock, AR 72205",bowenhefleyortho.com,34.750669,-92.337558,72205,AR,"Pulaski, AR"
Benton Physical Therapy,https://www.google.com/maps/place/Benton+Physical+Therapy/data=!4m6!3m5!1s0x87cd5178c571a89f:0x75660d960f472aaa!8m2!3d34.5772262!4d-92.5785898!16s%2Fg%2F1xn_nxry?authuser=0&hl=en&rclk=1,Physical therapist,PULASKI+COUNTY+ARKANSAS,Physical+Thrapy+Clinic,Benton Physical Therapy,Physical therapy clinic,"1308 Military Rd, Benton, AR 72015",bentonphysicaltherapy.com,34.5761432,-92.577809,72015,AR,"Saline, AR"
Select Physical Therapy,https://www.google.com/maps/place/Select+Physical+Therapy/data=!4m6!3m5!1s0x87cd7d88f2a0da17:0x27dfe5bcbf41745d!8m2!3d35.0693082!4d-92.4622571!16s%2Fg%2F1tj9tw52?authuser=0&hl=en&rclk=1,Physical therapist,PULASKI+COUNTY+ARKANSAS,Physical+Thrapy+Clinic,Select Physical Therapy,Physical therapy clinic,"2425 Dave Ward Dr Suite 103, Conway, AR 72034",selectphysicaltherapy.com,35.070552,-92.4655185,72034,AR,"Faulkner, AR"
Elite Physical Therapy,https://www.google.com/maps/place/Elite+Physical+Therapy/data=!4m6!3m5!1s0x87d283aaeb3e036d:0x224a93f4dd0075a5!8m2!3d35.0658407!4d-92.4331728!16s%2Fg%2F11h6q241g5?authuser=0&hl=en&rclk=1,Physical therapist,PULASKI+COUNTY+ARKANSAS,Physical+Thrapy+Clinic,Elite Physical Therapy,Physical therapy clinic,"635 Dave Ward Dr Suite 104, Conway, AR 72034",facebook.com,35.0661854,-92.4334918,72034,AR,"Faulkner, AR"
Exceptional Physical Therapy,https://www.google.com/maps/place/Exceptional+Physical+Therapy/data=!4m6!3m5!1s0x87cd5218a8ef39ef:0xb49ce56aabfb46bd!8m2!3d34.563336!4d-92.5991954!16s%2Fg%2F12hkm4mg_?authuser=0&hl=en&rclk=1,Physical therapist,PULASKI+COUNTY+ARKANSAS,Physical+Thrapy+Clinic,Exceptional Physical Therapy,Physical therapy clinic,"1102 W South St, Benton, AR 72015",exceptionalpt.com,34.564324,-92.618583,72015,AR,"Saline, AR"
UAMS Health - Vulvar Clinic,https://www.google.com/maps/place/UAMS+Health+-+Vulvar+Clinic/data=!4m6!3m5!1s0x87d2a5740cfc5af1:0x631cf87d67218d34!8m2!3d34.7477596!4d-92.3450388!16s%2Fg%2F11qyb0gl34?authuser=0&hl=en&rclk=1,Women's health clinic,PULASKI+COUNTY+ARKANSAS,Physical+Thrapy+Clinic,UAMS Health - Vulvar Clinic,Women's health clinic,"6119 Midtown Ave, Little Rock, AR 72205",uamshealth.com,34.7486005,-92.3429589,72205,AR,"Pulaski, AR"
Harris and Renshaw Physical Therapy - Sherwood,https://www.google.com/maps/place/Harris+and+Renshaw+Physical+Therapy+-+Sherwood/data=!4m6!3m5!1s0x87d295c9ca8ee741:0xce9c7f3eea2b6dcf!8m2!3d34.8571285!4d-92.2022667!16s%2Fg%2F11gl4mlhlw?authuser=0&hl=en&rclk=1,Women's health clinic,PULASKI+COUNTY+ARKANSAS,Physical+Thrapy+Clinic,Harris and Renshaw Physical Therapy - Sherwood,Rehabilitation center,"13133 AR-107, Sherwood, AR 72120",harrisandrenshawpt.com,34.8648788,-92.1984269,72120,AR,"Pulaski, AR"
Egoscue of Little Rock,https://www.google.com/maps/place/Egoscue+of+Little+Rock/data=!4m6!3m5!1s0x87cd5fc0f8090907:0xb1cad27890ce0a39!8m2!3d34.7534203!4d-92.4308879!16s%2Fg%2F11fpgy02z5?authuser=0&hl=en&rclk=1,Women's health clinic,PULASKI+COUNTY+ARKANSAS,Physical+Thrapy+Clinic,Egoscue of Little Rock,Pain control clinic,"14001 Chenal Pkwy Ste 2, Little Rock, AR 72211",egoscue.com,34.7554232,-92.4282444,72211,AR,"Pulaski, AR"
UAMS Health - Family Medical Center,https://www.google.com/maps/place/UAMS+Health+-+Family+Medical+Center/data=!4m6!3m5!1s0x87d2a4a1855a28f9:0xb84541dbd88eb5c5!8m2!3d34.746914!4d-92.3185153!16s%2Fm%2F0dgq_4j?authuser=0&hl=en&rclk=1,Women's health clinic,PULASKI+COUNTY+ARKANSAS,Physical+Thrapy+Clinic,UAMS Health - Family Medical Center,Medical Center,"521 Jack Stephens Drive First floor, Little Rock, AR 72205",uamshealth.com,34.746604,-92.318702,72205,AR,"Pulaski, AR"
Pain Care Associates,https://www.google.com/maps/place/Pain+Care+Associates/data=!4m6!3m5!1s0x87d2a3f825535875:0xd7d5daff21d07609!8m2!3d34.7530086!4d-92.372308!16s%2Fg%2F1tczffgb?authuser=0&hl=en&rclk=1,Women's health clinic,PULASKI+COUNTY+ARKANSAS,Physical+Thrapy+Clinic,Pain Care Associates,Chiropractor,"8801 W Markham St, Little Rock, AR 72205",paincarelr.com,34.75335,-92.3725934,72205,AR,"Pulaski, AR"
Concentra Urgent Care,https://www.google.com/maps/place/Concentra+Urgent+Care/data=!4m6!3m5!1s0x87d2bc2676a880a3:0xeafe0f40b974fa4b!8m2!3d34.7857475!4d-92.2278289!16s%2Fg%2F1thf92k4?authuser=0&hl=en&rclk=1,Women's health clinic,PULASKI+COUNTY+ARKANSAS,Physical+Thrapy+Clinic,Concentra Urgent Care,Occupational health service,"3470 Landers Rd, North Little Rock, AR 72117",concentra.com,34.7846455,-92.2256338,72117,AR,"Pulaski, AR"
UAMS Health - STRIVE Clinic,https://www.google.com/maps/place/UAMS+Health+-+STRIVE+Clinic/data=!4m6!3m5!1s0x87d2bd9ccdaeec17:0xc8d0721b4d281b9c!8m2!3d34.7991512!4d-92.2331222!16s%2Fg%2F11nrsyc0vz?authuser=0&hl=en&rclk=1,Women's health clinic,PULASKI+COUNTY+ARKANSAS,Physical+Thrapy+Clinic,UAMS Health - STRIVE Clinic,Medical clinic,"4701 Fairway Ave, North Little Rock, AR 72116",uamshealth.com,34.7986327,-92.2329482,72116,AR,"Pulaski, AR"
Ortho Rehab & Specialty Center/Farrer Physical Therapy,https://www.google.com/maps/place/Ortho+Rehab+%26+Specialty+Center%2FFarrer+Physical+Therapy/data=!4m6!3m5!1s0x87d2ee59011abe47:0x981744be0d276cd3!8m2!3d34.9802591!4d-92.0401254!16s%2Fg%2F11fy_nk0sy?authuser=0&hl=en&rclk=1,Women's health clinic,PULASKI+COUNTY+ARKANSAS,Physical+Thrapy+Clinic,Ortho Rehab & Specialty Center/Farrer Physical Therapy,Physical therapy clinic,"2039 W Main St, Cabot, AR 72023",pt-orthorehab.com,34.9815412,-92.0393684,72023,AR,"Lonoke, AR"
Allied Therapy & Consulting,https://www.google.com/maps/place/Allied+Therapy+%26+Consulting/data=!4m6!3m5!1s0x87d2e53aea98bed9:0x2ae67ff2961a0d6e!8m2!3d35.0110151!4d-91.9585058!16s%2Fg%2F1tnblp0s?authuser=0&hl=en&rclk=1,Women's health clinic,PULASKI+COUNTY+ARKANSAS,Physical+Thrapy+Clinic,Allied Therapy & Consulting,Physical therapy clinic,"1500 Wilson Loop, Ward, AR 72176",allied-therapy.com,35.010665,-91.958623,72176,AR,"Lonoke, AR"
CHI St. Vincent Health at Home - Little Rock,https://www.google.com/maps/place/CHI+St.+Vincent+Health+at+Home+-+Little+Rock/data=!4m6!3m5!1s0x87d2a6c64ecacd3b:0xc7e5e7fc8bb6a3d1!8m2!3d34.7376859!4d-92.4040131!16s%2Fg%2F11dfxg7x_7?authuser=0&hl=en&rclk=1,Women's health clinic,PULASKI+COUNTY+ARKANSAS,Physical+Thrapy+Clinic,CHI St. Vincent Health at Home - Little Rock,Home health care service,"1 Executive Center Ct Ste 110, Little Rock, AR 72211",chistvincent.com,34.737562,-92.40442,72211,AR,"Pulaski, AR"
Baptist Health Therapy Center-Benton,https://www.google.com/maps/place/Baptist+Health+Therapy+Center-Benton/data=!4m6!3m5!1s0x87cd5187e0ab6229:0x4863471731ecc228!8m2!3d34.5711762!4d-92.5888656!16s%2Fg%2F1tp0f61r?authuser=0&hl=en&rclk=1,Women's health clinic,PULASKI+COUNTY+ARKANSAS,Physical+Thrapy+Clinic,Baptist Health Therapy Center-Benton,Physical therapy clinic,"825 W Carpenter St, Benton, AR 72015",baptist-health.com,34.5711408,-92.5893776,72015,AR,"Saline, AR"
Core and Pelvic Therapy Clinic,https://www.google.com/maps/place/Core+and+Pelvic+Therapy+Clinic/data=!4m6!3m5!1s0x87cd7dee2ba5e625:0xade13c9fa7210d5b!8m2!3d35.0863862!4d-92.4562534!16s%2Fg%2F12lklgg1r?authuser=0&hl=en&rclk=1,Women's health clinic,PULASKI+COUNTY+ARKANSAS,Physical+Thrapy+Clinic,Core and Pelvic Therapy Clinic,Physical therapy clinic,"2200 Ada Ave Suite 200, Conway, AR 72034",conwayregional.org,35.085994,-92.455652,72034,AR,"Faulkner, AR"
Lonoke Physical Therapy,https://www.google.com/maps/place/Lonoke+Physical+Therapy/data=!4m6!3m5!1s0x87d2de8e706952a9:0xf6c50ae974154b89!8m2!3d34.7945648!4d-91.8957482!16s%2Fg%2F1tlgyh0p?authuser=0&hl=en&rclk=1,Women's health clinic,PULASKI+COUNTY+ARKANSAS,Physical+Thrapy+Clinic,Lonoke Physical Therapy,Physical therapist,"1515 N Center St # 5, Lonoke, AR 72086",lonokephysicaltherapy.com,34.7943418,-91.8966965,72086,AR,"Lonoke, AR"
Pro-Active Physical Therapy Sheridan,https://www.google.com/maps/place/Pro-Active+Physical+Therapy+Sheridan/data=!4m6!3m5!1s0x862d571ba3937fd1:0xb398fad544722ead!8m2!3d34.318738!4d-92.3952942!16s%2Fg%2F11j03tnbzr?authuser=0&hl=en&rclk=1,Women's health clinic,PULASKI+COUNTY+ARKANSAS,Physical+Thrapy+Clinic,Pro-Active Physical Therapy Sheridan,Physical therapy clinic,"1210 Rock St, Sheridan, AR 72150",proactivephysicaltherapy.health,34.323371,-92.394971,72150,AR,"Grant, AR"
Arkansas Pain Care Clinics,https://www.google.com/maps/place/Arkansas+Pain+Care+Clinics/data=!4m6!3m5!1s0x87d2be39b4f58d81:0xf78288e56c1463be!8m2!3d34.8235421!4d-92.1956056!16s%2Fg%2F11gdkp30lc?authuser=0&hl=en&rclk=1,Women's health clinic,PULASKI+COUNTY+ARKANSAS,Physical+Thrapy+Clinic,Arkansas Pain Care Clinics,Pain management physician,"7481 Warden Rd, Sherwood, AR 72120",arpaincareclinics.com,34.8241321,-92.1945003,72120,AR,"Pulaski, AR"
"David C. Morse, DC, MS","https://www.google.com/maps/place/David+C.+Morse,+DC,+MS/data=!4m6!3m5!1s0x87d2bc9c46298caf:0xd8cd7c1780e1f0ad!8m2!3d34.7921492!4d-92.2220814!16s%2Fg%2F1hc2gyrq0?authuser=0&hl=en&rclk=1",Women's health clinic,PULASKI+COUNTY+ARKANSAS,Physical+Thrapy+Clinic,"David C. Morse, DC, MS",Chiropractor,"4100 Landers Rd, North Little Rock, AR 72117",horizonordclinic.com,34.7924547,-92.2222363,72117,AR,"Pulaski, AR"
Forest Park HealthCare,https://www.google.com/maps/place/Forest+Park+HealthCare/data=!4m6!3m5!1s0x87d2a49a9a9694c9:0x2c410eeae692b8a7!8m2!3d34.74126!4d-92.3304809!16s%2Fg%2F1tfzmwgr?authuser=0&hl=en&rclk=1,Women's health clinic,PULASKI+COUNTY+ARKANSAS,Physical+Thrapy+Clinic,Forest Park HealthCare,Chiropractor,"1119 S Van Buren St, Little Rock, AR 72204",,34.7413178,-92.3306252,72204,AR,"Pulaski, AR"
Arkansas Somatic Experiencing Collective,https://www.google.com/maps/place/Arkansas+Somatic+Experiencing+Collective/data=!4m6!3m5!1s0x87d2a399480cc481:0xb0ab4b47d9d020cd!8m2!3d34.723749!4d-92.336122!16s%2Fg%2F11qrjfjkbq?authuser=0&hl=en&rclk=1,Women's health clinic,PULASKI+COUNTY+ARKANSAS,Physical+Thrapy+Clinic,Arkansas Somatic Experiencing Collective,Psychotherapist,,arsomatictraumahealing.net,,,,,
Concentra Urgent Care,https://www.google.com/maps/place/Concentra+Urgent+Care/data=!4m6!3m5!1s0x87d2a5fdd10bc261:0xa5d56c958d852344!8m2!3d34.6684682!4d-92.379275!16s%2Fg%2F1td1dyws?authuser=0&hl=en&rclk=1,Women's health clinic,PULASKI+COUNTY+ARKANSAS,Physical+Thrapy+Clinic,Concentra Urgent Care,Occupational health service,"10101 Mabelvale Plaza Dr Ste. 3, Little Rock, AR 72209",concentra.com,34.6691929,-92.3794537,72209,AR,"Pulaski, AR"
Access Schools,https://www.google.com/maps/place/Access+Schools/data=!4m6!3m5!1s0x87d2a15acc01f5e9:0x718d6c4df1c896eb!8m2!3d34.764799!4d-92.3917905!16s%2Fg%2F1tdvvvj2?authuser=0&hl=en&rclk=1,Women's health clinic,PULASKI+COUNTY+ARKANSAS,Physical+Thrapy+Clinic,Access Schools,School,"10618 Breckenridge Dr, Little Rock, AR 72211",accessgroupinc.org,34.7645652,-92.3917588,72211,AR,"Pulaski, AR"
OrthoSurgeons,https://www.google.com/maps/place/OrthoSurgeons/data=!4m6!3m5!1s0x87d2a4808844fcd3:0x564ee64531f64b0c!8m2!3d34.7514216!4d-92.3369286!16s%2Fg%2F1v16qvg6?authuser=0&hl=en&rclk=1,Orthopedic clinic,PULASKI+COUNTY+ARKANSAS,Physical+Thrapy+Clinic,OrthoSurgeons,Orthopedic clinic,"5 St Vincent Cir, Little Rock, AR 72205",orthosurgeons.com,34.750669,-92.337558,72205,AR,"Pulaski, AR"
"Jessica Sanders, PT","https://www.google.com/maps/place/Jessica+Sanders,+PT/data=!4m6!3m5!1s0x87cd7df22b7c7363:0x10065cfbeb0346cd!8m2!3d35.0854363!4d-92.4685146!16s%2Fg%2F1hc2crj5b?authuser=0&hl=en&rclk=1",Orthopedic clinic,PULASKI+COUNTY+ARKANSAS,Physical+Thrapy+Clinic,"Jessica Sanders, PT",Physical therapist,"2740 College Ave, Conway, AR 72034",,35.0851068,-92.4680914,72034,AR,"Faulkner, AR"
Milestones Pediatric Therapy Services,https://www.google.com/maps/place/Milestones+Pediatric+Therapy+Services/data=!4m6!3m5!1s0x87d2ef154de0288f:0xe09bf50a97e92f6c!8m2!3d34.9526304!4d-92.053232!16s%2Fg%2F11c75t_4cq?authuser=0&hl=en&rclk=1,Orthopedic clinic,PULASKI+COUNTY+ARKANSAS,Physical+Thrapy+Clinic,Milestones Pediatric Therapy Services,Physical therapy clinic,"2800 S 2nd St Suite B, Cabot, AR 72023",milestonespediatrictherapyservices.com,34.9638526,-92.0301221,72023,AR,"Lonoke, AR"
OrthoSurgeons,https://www.google.com/maps/place/OrthoSurgeons/data=!4m6!3m5!1s0x87d2a4808844fcd3:0x564ee64531f64b0c!8m2!3d34.7514216!4d-92.3369286!16s%2Fg%2F1v16qvg6?authuser=0&hl=en&rclk=1,Orthopedic clinic,PULASKI+COUNTY+ARKANSAS,Physical+Thrapy+Clinic,OrthoSurgeons,Orthopedic clinic,"5 St Vincent Cir, Little Rock, AR 72205",orthosurgeons.com,34.750669,-92.337558,72205,AR,"Pulaski, AR"
"Jessica Sanders, PT","https://www.google.com/maps/place/Jessica+Sanders,+PT/data=!4m6!3m5!1s0x87cd7df22b7c7363:0x10065cfbeb0346cd!8m2!3d35.0854363!4d-92.4685146!16s%2Fg%2F1hc2crj5b?authuser=0&hl=en&rclk=1",Orthopedic clinic,PULASKI+COUNTY+ARKANSAS,Physical+Thrapy+Clinic,"Jessica Sanders, PT",Physical therapist,"2740 College Ave, Conway, AR 72034",,35.0851068,-92.4680914,72034,AR,"Faulkner, AR"
Milestones Pediatric Therapy Services,https://www.google.com/maps/place/Milestones+Pediatric+Therapy+Services/data=!4m6!3m5!1s0x87d2ef154de0288f:0xe09bf50a97e92f6c!8m2!3d34.9526304!4d-92.053232!16s%2Fg%2F11c75t_4cq?authuser=0&hl=en&rclk=1,Orthopedic clinic,PULASKI+COUNTY+ARKANSAS,Physical+Thrapy+Clinic,Milestones Pediatric Therapy Services,Physical therapy clinic,"2800 S 2nd St Suite B, Cabot, AR 72023",milestonespediatrictherapyservices.com,34.9638526,-92.0301221,72023,AR,"Lonoke, AR"
OrthoSurgeons,https://www.google.com/maps/place/OrthoSurgeons/data=!4m6!3m5!1s0x87d2a4808844fcd3:0x564ee64531f64b0c!8m2!3d34.7514216!4d-92.3369286!16s%2Fg%2F1v16qvg6?authuser=0&hl=en&rclk=1,Orthopedic clinic,PULASKI+COUNTY+ARKANSAS,Physical+Thrapy+Clinic,OrthoSurgeons,Orthopedic clinic,"5 St Vincent Cir, Little Rock, AR 72205",orthosurgeons.com,34.750669,-92.337558,72205,AR,"Pulaski, AR"
"Jessica Sanders, PT","https://www.google.com/maps/place/Jessica+Sanders,+PT/data=!4m6!3m5!1s0x87cd7df22b7c7363:0x10065cfbeb0346cd!8m2!3d35.0854363!4d-92.4685146!16s%2Fg%2F1hc2crj5b?authuser=0&hl=en&rclk=1",Orthopedic clinic,PULASKI+COUNTY+ARKANSAS,Physical+Thrapy+Clinic,"Jessica Sanders, PT",Physical therapist,"2740 College Ave, Conway, AR 72034",,35.0851068,-92.4680914,72034,AR,"Faulkner, AR"
Milestones Pediatric Therapy Services,https://www.google.com/maps/place/Milestones+Pediatric+Therapy+Services/data=!4m6!3m5!1s0x87d2ef154de0288f:0xe09bf50a97e92f6c!8m2!3d34.9526304!4d-92.053232!16s%2Fg%2F11c75t_4cq?authuser=0&hl=en&rclk=1,Orthopedic clinic,PULASKI+COUNTY+ARKANSAS,Physical+Thrapy+Clinic,Milestones Pediatric Therapy Services,Physical therapy clinic,"2800 S 2nd St Suite B, Cabot, AR 72023",milestonespediatrictherapyservices.com,34.9638526,-92.0301221,72023,AR,"Lonoke, AR"
